{"stats":{"minecraft:broken":{"minecraft:iron_shovel":1,"minecraft:stone_pickaxe":1,"minecraft:iron_sword":1,"minecraft:stone_shovel":4,"iceandfire:armor_copper_metal_helmet":1,"magistuarmory:wood_pavese":1,"minecraft:shield":2,"minecraft:iron_pickaxe":3},"minecraft:crafted":{"minecraft:smooth_stone":3,"minecraft:oak_planks":232,"locksmith:blank_lock":4,"magistuarmory:gothic_leggings":1,"minecraft:barrel":3,"locksmith:blank_key":4,"minecraft:stone":85,"supplementaries:hourglass":1,"minecraft:glass":18,"astikorcarts:animal_cart":1,"minecraft:bow":1,"astikorcarts:plow":1,"minecraft:melon_seeds":4,"iceandfire:armor_copper_metal_chestplate":1,"magistuarmory:sallet":1,"astikorcarts:wheel":6,"minecraft:stone_bricks":64,"magistuarmory:steel_nugget":9,"minecraft:glass_bottle":6,"minecraft:oak_slab":6,"locksmith:locksmithing_table":1,"minecraft:crafting_table":3,"minecraft:wooden_pickaxe":1,"minecraft:clock":1,"minecraft:copper_ingot":38,"magistuarmory:halfarmor_chestplate":1,"magistuarmory:wood_pavese":1,"minecraft:stone_brick_stairs":8,"minecraft:charcoal":14,"minecraft:paper":9,"minecraft:shield":2,"minecraft:stick":96,"quark:oak_chest":8,"minecraft:iron_ingot":103,"minecraft:iron_pickaxe":8,"sereneseasons:calendar":1,"minecraft:stone_sword":2,"minecraft:shears":2,"minecraft:stone_shovel":6,"minecraft:iron_nugget":54,"minecraft:spyglass":1,"minecraft:furnace":7,"minecraft:blast_furnace":1,"iceandfire:armor_copper_metal_leggings":1,"iceandfire:armor_copper_metal_helmet":1,"minecraft:oak_trapdoor":2,"iceandfire:copper_shovel":2,"minecraft:iron_axe":1,"minecraft:ladder":4,"magistuarmory:steel_ingot":35,"minecraft:iron_hoe":3,"minecraft:stone_pickaxe":3,"farmersdelight:rice":1,"magistuarmory:barbute":1,"alexsmobs:flying_fish_boots":1,"astikorcarts:supply_cart":1,"magistuarmory:steel_plate":24,"locksmith:key":1,"minecraft:wheat":108,"magistuarmory:gothic_chestplate":1,"minecraft:iron_sword":4,"minecraft:bucket":1,"minecraft:stone_axe":2,"minecraft:bread":36,"minecraft:air":0,"magistuarmory:gothic_boots":1,"minecraft:white_wool":3,"minecraft:iron_shovel":1,"minecraft:white_bed":1,"minecraft:torch":4},"minecraft:picked_up":{"vinery:red_grape":22,"minecraft:wheat":80,"minecraft:flower_pot":1,"farmersdelight:rice_panicle":6,"minecraft:enchanted_book":1,"minecraft:stone_brick_stairs":2,"minecraft:amethyst_block":2,"born_in_chaos_v1:black_argillite":2,"minecraft:string":2,"minecraft:raw_copper":82,"minecraft:zombie_head":2,"minecraft:beetroot":6,"minecraft:activator_rail":3,"minecraft:cobbled_deepslate":298,"supplementaries:hourglass":1,"locksmith:lock":6,"farmersdelight:cabbage":29,"minecraft:calcite":7,"minecraft:iron_pickaxe":1,"minecraft:melon_slice":21,"farmersdelight:cabbage_seeds":66,"minecraft:furnace":6,"minecraft:stick":61,"farmersdelight:rotten_tomato":1,"minecraft:torch":26,"iceandfire:silver_ore":15,"luminousworld:savannah_soil":11,"magistuarmory:steel_claymore":1,"astikorcarts:animal_cart":1,"minecraft:diorite":18,"supplementaries:flax":17,"luminousworld:grassflowers":14,"projectvibrantjourneys:seashells":2,"minecraft:rotten_flesh":23,"luminousworld:yellow_grassflowers":9,"farmersdelight:onion":69,"supplementaries:antique_ink":6,"minecraft:red_tulip":1,"farmersdelight:rope":36,"supplementaries:ash":5,"vinery:apple_log":20,"undead_revamp2:arapholia":1,"minecraft:snowball":55,"minecraft:cobblestone":705,"luminousworld:savannah_ground":1,"farmersdelight:rice":27,"minecraft:andesite":32,"minecraft:acacia_leaves":1,"minecraft:flint":2,"minecraft:tuff":6,"locksmith:blank_key":3,"supplementaries:flax_seeds":26,"minecraft:lapis_lazuli":131,"farmersdelight:tomato":20,"minecraft:dirt":1066,"minecraft:name_tag":1,"minecraft:glass":10,"minecraft:bone":45,"immersive_weathering:weeds":3,"minecraft:bow":2,"minecraft:stonecutter":2,"minecraft:wheat_seeds":176,"minecraft:raw_gold":51,"luminousworld:elephant_grass":2,"minecraft:powered_rail":3,"minecraft:oak_planks":81,"firstaid:plaster":5,"butchersdelight:cow_hide":1,"vinery:white_grape":6,"minecraft:sand":56,"minecraft:mossy_cobblestone":6,"undead_revamp2:heavytooth":1,"minecraft:iron_hoe":3,"minecraft:diamond":8,"minecraft:crossbow":1,"minecraft:granite":30,"minecraft:golden_apple":3,"minecraft:emerald":15,"minecraft:bread":4,"astikorcarts:plow":1,"minecraft:oak_sapling":158,"minecraft:netherrack":40,"minecraft:dark_oak_fence":2,"minecraft:oak_leaves":261,"iceandfire:dragon_skull_lightning":3,"minecraft:charcoal":12,"luminousworld:groundpebbles_1":4,"minecraft:crafting_table":8,"minecraft:allium":21,"minecraft:azure_bluet":4,"minecraft:clay_ball":48,"minecraft:ladder":5,"born_in_chaos_v1:river_mint":5,"spelunkers_charm:deepslate_rock":9,"minecraft:cornflower":9,"minecraft:oak_trapdoor":4,"minecraft:moss_carpet":8,"projectvibrantjourneys:glowcap":3,"supplementaries:bomb":1,"minecraft:detector_rail":1,"minecraft:cartography_table":2,"minecraft:iron_nugget":24,"minecraft:sugar_cane":16,"supplementaries:rope":22,"minecraft:egg":1,"minecraft:raw_iron":131,"iceandfire:dragonbone":32,"minecraft:oak_door":1,"farmersdelight:tomato_seeds":10,"luminousworld:beastiary":2,"minecraft:carrot":6,"minecraft:redstone":125,"luminousworld:baobab_plank":1,"minecraft:arrow":8,"minecraft:beetroot_seeds":19,"minecraft:shears":2,"minecraft:hay_block":24,"minecraft:gold_ingot":84,"minecraft:rail":21,"minecraft:oxeye_daisy":6,"born_in_chaos_v1:fused_bone":4,"minecraft:glow_ink_sac":2,"luminousworld:ishstone":13,"minecraft:leather":1,"minecraft:red_mushroom":1,"spelunkers_charm:old_miners_bundle":3,"minecraft:oak_log":219,"minecraft:apple":117,"minecraft:stone_bricks":7,"quark:music_disc_chatter":1,"luminousworld:white_petunias":6,"minecraft:iron_sword":1,"minecraft:acacia_sapling":2,"minecraft:smooth_basalt":5,"minecraft:quartz":11,"minecraft:dandelion":27,"minecraft:spyglass":1,"minecraft:gravel":11,"minecraft:amethyst_shard":23,"farmersdelight:wild_rice":1,"locksmith:locksmithing_table":1,"quark:oak_chest":5,"minecraft:spider_eye":14,"minecraft:melon_seeds":9,"spelunkers_charm:rock":3,"minecraft:coal":87,"minecraft:ender_pearl":1},"minecraft:used":{"supplementaries:hourglass":1,"minecraft:iron_shovel":255,"farmersdelight:cabbage_seeds":11,"minecraft:ladder":3,"minecraft:shield":138,"minecraft:iron_sword":820,"minecraft:zombie_spawn_egg":8,"luminousworld:savannah_ground":1,"minecraft:rotten_flesh":2,"minecraft:allium":16,"locksmith:locksmithing_table":1,"minecraft:azure_bluet":1,"minecraft:obsidian":1,"magistuarmory:diamond_guisarme":25,"luminousworld:elephant_grass":1,"minecraft:stone_brick_stairs":8,"minecraft:stone_bricks":16,"minecraft:bow":15,"minecraft:oak_sapling":40,"minecraft:furnace":9,"minecraft:beetroot_seeds":4,"supplementaries:bamboo_spikes_tipped":1,"locksmith:lock":16,"minecraft:stone_pickaxe":205,"minecraft:oak_planks":1,"minecraft:wooden_pickaxe":9,"minecraft:sugar_cane":3,"luminousworld:baobab_plank":1,"magistuarmory:steel_claymore":3,"minecraft:sand":5,"astikorcarts:plow":1,"minecraft:blast_furnace":1,"minecraft:crossbow":6,"minecraft:acacia_leaves":1,"farmersdelight:rice":1,"minecraft:shears":221,"locksmith:key":262,"iceandfire:copper_shovel":12,"minecraft:melon_slice":5,"minecraft:bread":34,"supplementaries:flax_seeds":7,"minecraft:oak_trapdoor":3,"minecraft:stone_sword":44,"minecraft:flint_and_steel":4,"iceandfire:armor_copper_metal_leggings":1,"minecraft:stone_shovel":670,"astikorcarts:animal_cart":2,"undead_revamp2:invisiblebidy_spawn_egg":1,"minecraft:netherrack":25,"minecraft:oak_door":1,"minecraft:torch":24,"minecraft:dirt":270,"minecraft:spyglass":14,"luminousworld:grassflowers":1,"minecraft:granite":13,"minecraft:iron_hoe":2,"minecraft:red_tulip":1,"minecraft:iron_axe":43,"minecraft:melon_seeds":4,"luminousworld:savannah_soil":3,"magistuarmory:heavy_crossbow":7,"farmersdelight:tomato_seeds":5,"minecraft:cobbled_deepslate":85,"minecraft:wheat_seeds":19,"minecraft:water_bucket":2,"minecraft:glass_bottle":3,"luminousworld:ishstone":2,"iceandfire:dragon_skull_lightning":1,"minecraft:mossy_cobblestone":1,"farmersdelight:onion":12,"minecraft:crafting_table":11,"minecraft:white_bed":1,"minecraft:oak_log":3,"minecraft:apple":2,"minecraft:oxeye_daisy":2,"magistuarmory:wood_pavese":62,"minecraft:iron_pickaxe":1489,"minecraft:stone_axe":6,"minecraft:cobblestone":203,"minecraft:bucket":3,"quark:oak_chest":12,"alexsmobs:animal_dictionary":1,"magistuarmory:diamond_lucernhammer":5},"minecraft:custom":{"minecraft:interact_with_crafting_table":100,"minecraft:leave_game":81,"minecraft:time_since_death":44560,"minecraft:sprint_one_cm":1956606,"minecraft:damage_blocked_by_shield":5060,"minecraft:drop":149,"minecraft:talked_to_villager":3,"minecraft:play_time":1245305,"minecraft:deaths":123,"minecraft:jump":5971,"minecraft:walk_on_water_one_cm":103164,"minecraft:interact_with_furnace":95,"minecraft:sleep_in_bed":11,"minecraft:damage_dealt":37882,"minecraft:player_kills":1,"minecraft:crouch_one_cm":30817,"minecraft:use_cauldron":20,"minecraft:interact_with_smithing_table":3,"minecraft:mob_kills":223,"minecraft:damage_dealt_resisted":1484,"minecraft:climb_one_cm":10976,"minecraft:walk_one_cm":1584423,"minecraft:damage_dealt_absorbed":40,"minecraft:sneak_time":20629,"minecraft:walk_under_water_one_cm":46434,"minecraft:interact_with_blast_furnace":6,"minecraft:total_world_time":1245305,"locksmith:interact_with_locksmithing_table":4,"minecraft:time_since_rest":44604,"minecraft:damage_taken":25298,"minecraft:swim_one_cm":76467,"minecraft:fly_one_cm":1421611,"minecraft:open_chest":345,"minecraft:fall_one_cm":94066},"minecraft:killed":{"undead_revamp2:thewolf":1,"alexsmobs:lobster":3,"born_in_chaos_v1:restless_spirit":1,"minecraft:spider":45,"undead_revamp2:thesmoker":5,"born_in_chaos_v1:siamese_skeletonsright":1,"minecraft:skeleton":20,"luminousworld:ringlet":1,"minecraft:bee":2,"undead_revamp2:thespectre":1,"born_in_chaos_v1:diamond_termite":5,"minecraft:creeper":4,"luminousworld:crab":2,"luminousworld:savannah_skeleton":3,"minecraft:zombie":42,"alexsmobs:terrapin":1,"alexsmobs:maned_wolf":1,"alexsmobs:fly":3,"minecraft:glow_squid":1,"born_in_chaos_v1:door_knight":1,"born_in_chaos_v1:siamese_skeletonsleft":1,"undead_revamp2:thegliter":1,"quark:toretoise":1,"alexsmobs:seagull":1,"born_in_chaos_v1:thornshell_crab":1,"born_in_chaos_v1:maggot":21,"born_in_chaos_v1:firelight":1,"undead_revamp2:coppertar":4,"undead_revamp2:thehorrors":1,"luminousworld:savannah_zombie":9,"alexsmobs:flying_fish":3,"born_in_chaos_v1:barrel_zombie":3,"born_in_chaos_v1:baby_skeleton":2,"born_in_chaos_v1:spirit_guide_assistant":1,"undead_revamp2:the_moonflower":4,"minecraft:bat":1,"born_in_chaos_v1:decrepit_skeleton":2,"born_in_chaos_v1:phantom_creeper_copy":4,"born_in_chaos_v1:bloody_gadfly":1,"alexsmobs:elephant":1,"iceandfire:ghost":2,"minecraft:enderman":1},"minecraft:dropped":{"minecraft:iron_sword":1,"minecraft:oak_log":30,"minecraft:glass_bottle":1,"luminousworld:white_petunias":2,"minecraft:leather":1,"minecraft:rail":15,"farmersdelight:rice":16,"minecraft:flint":1,"minecraft:dirt":24,"minecraft:dark_oak_fence":2,"minecraft:cornflower":1,"butchersdelight:cow_hide":1,"minecraft:gravel":1,"minecraft:stone_axe":1,"minecraft:detector_rail":1,"minecraft:cobbled_deepslate":90,"minecraft:rotten_flesh":26,"minecraft:oak_planks":83,"luminousworld:savannah_soil":8,"minecraft:azure_bluet":2,"supplementaries:flax_seeds":1,"luminousworld:grassflowers":5,"minecraft:gunpowder":1,"minecraft:melon_seeds":5,"minecraft:acacia_sapling":1,"minecraft:ladder":1,"farmersdelight:rope":1,"minecraft:powered_rail":3,"minecraft:netherrack":2,"farmersdelight:tomato_seeds":5,"minecraft:iron_ingot":1,"magistuarmory:steel_claymore":1,"minecraft:wheat_seeds":31,"luminousworld:ishstone":11,"minecraft:cobblestone":59,"minecraft:amethyst_block":2,"minecraft:granite":5,"minecraft:copper_ingot":1,"minecraft:golden_apple":1,"minecraft:stick":5,"minecraft:oxeye_daisy":3,"born_in_chaos_v1:black_argillite":1,"minecraft:diorite":11,"born_in_chaos_v1:river_mint":2,"projectvibrantjourneys:seashells":2,"minecraft:dandelion":1,"immersive_weathering:weeds":1,"minecraft:furnace":2,"minecraft:stone_sword":2,"minecraft:tuff":5,"iceandfire:copper_shovel":2,"minecraft:shears":1,"luminousworld:yellow_grassflowers":9,"undead_revamp2:heavytooth":1,"luminousworld:groundpebbles_1":1,"minecraft:andesite":16,"minecraft:oak_sapling":49,"minecraft:spider_eye":10,"minecraft:slime_ball":2,"luminousworld:elephant_grass":1,"minecraft:bow":1,"minecraft:stone_pickaxe":1,"minecraft:wooden_pickaxe":1},"minecraft:killed_by":{"mowziesmobs:naga":1,"minecraft:ghast":1,"undead_revamp2:the_moonflower":13,"minecraft:creeper":1,"born_in_chaos_v1:corpse_fly":1,"minecraft:zombie":11,"undead_revamp2:thesmoker":4,"undead_revamp2:thepregnant":2,"undead_revamp2:theheavy":4,"iceandfire:fire_dragon":8,"undead_revamp2:thegliter":1,"quark:foxhound":1,"minecraft:player":2,"born_in_chaos_v1:bloody_gadfly":1,"minecraft:spider":2,"born_in_chaos_v1:bone_imp":1,"minecraft:enderman":2,"born_in_chaos_v1:firelight":3,"quark:toretoise":1,"born_in_chaos_v1:decaying_zombie":1,"alexsmobs:centipede_head":2,"minecraft:skeleton":21,"iceandfire:ghost":7,"luminousworld:savannah_zombie":3,"born_in_chaos_v1:dread_hound":1,"undead_revamp2:thebeartamer":1,"luminousworld:savannah_skeleton":4},"minecraft:mined":{"minecraft:large_amethyst_bud":1,"minecraft:oak_sapling":3,"minecraft:farmland":2,"minecraft:granite":31,"minecraft:budding_amethyst":1,"minecraft:acacia_log":9,"luminousworld:bao_bob_wood":1,"minecraft:grass_block":578,"luminousworld:baobab_plank":1,"minecraft:oxeye_daisy":2,"luminousworld:savanna_grass_2":1,"vinery:apple_log":51,"minecraft:magma_block":10,"minecraft:iron_ore":75,"immersive_weathering:mossy_stone":6,"minecraft:cobbled_deepslate":5,"minecraft:fire":1,"minecraft:moss_carpet":3,"minecraft:deepslate_lapis_ore":6,"minecraft:azure_bluet":1,"minecraft:dirt_path":1,"projectvibrantjourneys:glowcap":3,"immersive_weathering:oak_leaf_pile":5,"minecraft:deepslate_redstone_ore":19,"minecraft:blackstone":1,"minecraft:medium_amethyst_bud":1,"minecraft:amethyst_cluster":3,"minecraft:clay":6,"locksmith:locksmithing_table":1,"projectvibrantjourneys:twigs":2,"minecraft:calcite":7,"minecraft:melon":2,"minecraft:nether_quartz_ore":11,"minecraft:cobblestone":20,"minecraft:oak_planks":1,"projectvibrantjourneys:fallen_leaves":2,"minecraft:sugar_cane":5,"minecraft:wall_torch":9,"minecraft:amethyst_block":2,"farmersdelight:sandy_shrub":7,"supplementaries:hourglass":1,"minecraft:wheat":4,"born_in_chaos_v1:river_mint":3,"minecraft:stone_brick_stairs":2,"minecraft:grass":123,"minecraft:oak_log":231,"minecraft:beetroots":1,"projectvibrantjourneys:short_grass":95,"minecraft:sand":40,"minecraft:dirt":472,"luminousworld:grassvariant_3":39,"immersive_weathering:weeds":2,"minecraft:smooth_basalt":5,"minecraft:stonecutter":1,"minecraft:netherrack":39,"luminousworld:savannah_grass_4":5,"minecraft:oak_leaves":230,"minecraft:deepslate":588,"luminousworld:savannah_ground":1,"luminousworld:groundpebbles_1":3,"minecraft:tuff":61,"farmersdelight:onions":2,"iceandfire:silver_ore":14,"minecraft:deepslate_diamond_ore":4,"farmersdelight:wild_carrots":6,"projectvibrantjourneys:rocks":4,"born_in_chaos_v1:infected_diamond_ore":4,"minecraft:ladder":3,"minecraft:dark_oak_fence":2,"minecraft:allium":7,"born_in_chaos_v1:black_argillite":2,"luminousworld:grassvariant_2":28,"farmersdelight:wild_cabbages":9,"minecraft:red_mushroom":1,"minecraft:cartography_table":1,"minecraft:hay_block":23,"farmersdelight:wild_onions":8,"minecraft:oak_trapdoor":3,"minecraft:furnace":5,"luminousworld:yellow_grassflowers":3,"minecraft:snow":36,"minecraft:andesite":30,"spelunkers_charm:deepslate_rock_pile_2":1,"minecraft:deepslate_iron_ore":54,"minecraft:stone":489,"luminousworld:savannah_soil":16,"quark:oak_chest":5,"toughasnails:water_purifier":1,"minecraft:dandelion":16,"minecraft:crafting_table":8,"minecraft:cornflower":1,"luminousworld:savannah_grass_1":4,"minecraft:emerald_ore":1,"spelunkers_charm:dead_grass":1,"luminousworld:grassflowers":4,"minecraft:copper_ore":21,"minecraft:tall_grass":9,"minecraft:deepslate_coal_ore":9,"minecraft:lapis_ore":8,"farmersdelight:wild_tomatoes":4,"minecraft:deepslate_gold_ore":46,"minecraft:diorite":13,"supplementaries:urn":11,"farmersdelight:wild_beetroots":7,"minecraft:coal_ore":26,"luminousworld:ishstone":11,"minecraft:gravel":14,"minecraft:stone_bricks":7,"luminousworld:elephant_grass":2,"minecraft:gold_ore":5,"undead_revamp2:arapholia":1}},"DataVersion":3120}