{"stats":{"minecraft:dropped":{"minecraft:oak_log":29,"luminousworld:ishstone":11,"minecraft:cobblestone":59,"minecraft:amethyst_block":2,"minecraft:granite":3,"minecraft:copper_ingot":1,"minecraft:rail":11,"minecraft:golden_apple":1,"farmersdelight:rice":16,"minecraft:stick":1,"minecraft:flint":1,"minecraft:dirt":2,"born_in_chaos_v1:black_argillite":1,"toughasnails:leaf_boots":2,"projectvibrantjourneys:seashells":1,"toughasnails:leaf_helmet":1,"toughasnails:leaf_leggings":1,"minecraft:furnace":2,"minecraft:stone_axe":1,"toughasnails:leaf_chestplate":1,"minecraft:stone_sword":1,"minecraft:cobbled_deepslate":90,"minecraft:tuff":5,"minecraft:rotten_flesh":10,"minecraft:oak_planks":83,"luminousworld:savannah_soil":8,"minecraft:shears":1,"minecraft:gunpowder":1,"minecraft:andesite":9,"minecraft:melon_seeds":2,"minecraft:oak_sapling":18,"farmersdelight:rope":1,"minecraft:spider_eye":8,"luminousworld:elephant_grass":1,"minecraft:bow":1,"minecraft:powered_rail":3,"minecraft:stone_pickaxe":1,"minecraft:wooden_pickaxe":1},"minecraft:killed":{"undead_revamp2:thewolf":1,"born_in_chaos_v1:restless_spirit":1,"minecraft:spider":37,"undead_revamp2:thesmoker":2,"quark:toretoise":1,"born_in_chaos_v1:thornshell_crab":1,"born_in_chaos_v1:siamese_skeletonsright":1,"born_in_chaos_v1:maggot":2,"minecraft:skeleton":7,"luminousworld:savannah_zombie":8,"born_in_chaos_v1:baby_skeleton":2,"born_in_chaos_v1:spirit_guide_assistant":1,"undead_revamp2:the_moonflower":2,"minecraft:creeper":2,"born_in_chaos_v1:decrepit_skeleton":2,"born_in_chaos_v1:phantom_creeper_copy":4,"luminousworld:savannah_skeleton":3,"minecraft:zombie":8,"alexsmobs:elephant":1,"alexsmobs:terrapin":1,"born_in_chaos_v1:door_knight":1,"born_in_chaos_v1:siamese_skeletonsleft":1,"minecraft:enderman":1},"minecraft:custom":{"minecraft:mob_kills":93,"minecraft:interact_with_crafting_table":33,"minecraft:damage_dealt_resisted":1164,"minecraft:leave_game":34,"minecraft:time_since_death":11570,"minecraft:climb_one_cm":3017,"minecraft:sprint_one_cm":364378,"minecraft:walk_one_cm":423813,"minecraft:damage_blocked_by_shield":2560,"minecraft:drop":67,"minecraft:play_time":331877,"minecraft:deaths":35,"minecraft:sneak_time":6250,"minecraft:walk_under_water_one_cm":5230,"minecraft:jump":1579,"minecraft:walk_on_water_one_cm":33359,"minecraft:total_world_time":331877,"minecraft:interact_with_furnace":50,"minecraft:sleep_in_bed":3,"locksmith:interact_with_locksmithing_table":2,"minecraft:time_since_rest":9649,"minecraft:damage_taken":7408,"minecraft:damage_dealt":17641,"minecraft:swim_one_cm":18327,"minecraft:fly_one_cm":167603,"minecraft:open_chest":54,"minecraft:crouch_one_cm":5635,"minecraft:fall_one_cm":20084},"minecraft:crafted":{"minecraft:oak_planks":92,"locksmith:blank_lock":4,"minecraft:iron_nugget":54,"minecraft:spyglass":1,"locksmith:blank_key":4,"minecraft:furnace":5,"iceandfire:armor_copper_metal_leggings":1,"toughasnails:leaf_leggings":1,"iceandfire:armor_copper_metal_helmet":1,"minecraft:oak_trapdoor":2,"minecraft:glass":18,"minecraft:ladder":4,"minecraft:stone_pickaxe":2,"iceandfire:armor_copper_metal_chestplate":1,"toughasnails:leaf_helmet":1,"minecraft:wheat":72,"locksmith:key":1,"minecraft:glass_bottle":3,"toughasnails:leaf_boots":1,"locksmith:locksmithing_table":1,"toughasnails:leaf_chestplate":1,"minecraft:crafting_table":2,"minecraft:wooden_pickaxe":1,"minecraft:iron_sword":1,"minecraft:copper_ingot":23,"minecraft:stone_axe":1,"minecraft:bread":24,"minecraft:air":0,"minecraft:charcoal":14,"toughasnails:water_purifier":1,"minecraft:stick":24,"quark:oak_chest":4,"minecraft:iron_ingot":88,"minecraft:iron_pickaxe":3,"minecraft:stone_sword":1,"minecraft:torch":4,"minecraft:shears":1},"minecraft:picked_up":{"toughasnails:leaf_leggings":1,"iceandfire:dragon_skull_lightning":2,"minecraft:allium":4,"minecraft:crafting_table":7,"vinery:red_grape":11,"minecraft:wheat":27,"minecraft:clay_ball":24,"spelunkers_charm:deepslate_rock":9,"minecraft:amethyst_block":2,"born_in_chaos_v1:black_argillite":2,"minecraft:string":2,"minecraft:oak_trapdoor":2,"minecraft:raw_copper":30,"minecraft:zombie_head":1,"minecraft:beetroot":2,"minecraft:cartography_table":1,"locksmith:lock":1,"minecraft:cobbled_deepslate":234,"toughasnails:leaf_boots":2,"minecraft:calcite":7,"minecraft:melon_slice":13,"minecraft:sugar_cane":4,"supplementaries:rope":6,"minecraft:furnace":3,"minecraft:stick":11,"minecraft:raw_iron":44,"iceandfire:dragonbone":16,"minecraft:torch":13,"iceandfire:silver_ore":3,"luminousworld:savannah_soil":10,"minecraft:redstone":61,"minecraft:arrow":1,"projectvibrantjourneys:seashells":1,"minecraft:rotten_flesh":1,"minecraft:beetroot_seeds":7,"farmersdelight:onion":1,"minecraft:shears":1,"supplementaries:antique_ink":3,"minecraft:hay_block":16,"farmersdelight:rope":6,"minecraft:gold_ingot":42,"undead_revamp2:arapholia":1,"vinery:apple_log":10,"minecraft:rail":11,"minecraft:cobblestone":309,"born_in_chaos_v1:fused_bone":2,"luminousworld:savannah_ground":1,"farmersdelight:rice":20,"minecraft:andesite":23,"luminousworld:ishstone":11,"spelunkers_charm:old_miners_bundle":1,"toughasnails:leaf_helmet":1,"minecraft:flint":1,"minecraft:tuff":6,"minecraft:oak_log":78,"supplementaries:flax_seeds":1,"minecraft:lapis_lazuli":40,"minecraft:dirt":10,"minecraft:bone":10,"minecraft:apple":54,"minecraft:stonecutter":1,"minecraft:wheat_seeds":45,"minecraft:raw_gold":41,"luminousworld:elephant_grass":1,"minecraft:powered_rail":3,"minecraft:oak_planks":80,"minecraft:acacia_sapling":1,"toughasnails:leaf_chestplate":1,"firstaid:plaster":5,"minecraft:smooth_basalt":5,"minecraft:gravel":10,"minecraft:sand":35,"minecraft:amethyst_shard":12,"minecraft:spider_eye":6,"minecraft:diamond":4,"minecraft:granite":27,"minecraft:golden_apple":2,"minecraft:bread":3,"minecraft:emerald":4,"minecraft:oak_sapling":23,"minecraft:melon_seeds":2,"minecraft:coal":40,"minecraft:oak_leaves":55,"minecraft:ender_pearl":1},"minecraft:killed_by":{"mowziesmobs:naga":1,"minecraft:player":1,"undead_revamp2:the_moonflower":4,"minecraft:enderman":2,"quark:toretoise":1,"alexsmobs:centipede_head":2,"minecraft:skeleton":6,"minecraft:zombie":5,"undead_revamp2:thesmoker":2,"luminousworld:savannah_zombie":3,"luminousworld:savannah_skeleton":2},"minecraft:used":{"minecraft:oak_trapdoor":3,"minecraft:stone_sword":44,"toughasnails:water_purifier":1,"iceandfire:armor_copper_metal_leggings":1,"minecraft:ladder":3,"minecraft:shield":67,"minecraft:iron_sword":372,"luminousworld:savannah_ground":1,"minecraft:torch":15,"minecraft:spyglass":4,"minecraft:dirt":4,"locksmith:locksmithing_table":1,"minecraft:granite":13,"minecraft:bow":4,"luminousworld:savannah_soil":2,"minecraft:oak_sapling":1,"minecraft:furnace":5,"magistuarmory:heavy_crossbow":7,"minecraft:cobbled_deepslate":85,"locksmith:lock":8,"minecraft:stone_pickaxe":205,"minecraft:glass_bottle":3,"minecraft:wooden_pickaxe":9,"iceandfire:dragon_skull_lightning":1,"minecraft:crafting_table":9,"locksmith:key":21,"minecraft:iron_pickaxe":954,"minecraft:bread":4,"minecraft:melon_slice":5,"minecraft:stone_axe":1,"minecraft:cobblestone":3,"quark:oak_chest":4,"alexsmobs:animal_dictionary":1},"minecraft:mined":{"minecraft:large_amethyst_bud":1,"minecraft:tuff":61,"iceandfire:silver_ore":3,"minecraft:deepslate_diamond_ore":4,"minecraft:granite":27,"minecraft:budding_amethyst":1,"minecraft:allium":2,"minecraft:acacia_log":9,"luminousworld:bao_bob_wood":1,"minecraft:grass_block":10,"born_in_chaos_v1:black_argillite":2,"luminousworld:grassvariant_2":2,"vinery:apple_log":51,"minecraft:cartography_table":1,"minecraft:hay_block":23,"farmersdelight:wild_onions":1,"minecraft:magma_block":10,"minecraft:oak_trapdoor":2,"minecraft:furnace":3,"minecraft:cobbled_deepslate":5,"minecraft:andesite":24,"spelunkers_charm:deepslate_rock_pile_2":1,"minecraft:deepslate_lapis_ore":6,"minecraft:deepslate_iron_ore":45,"minecraft:stone":251,"luminousworld:savannah_soil":15,"minecraft:deepslate_redstone_ore":19,"minecraft:blackstone":1,"minecraft:medium_amethyst_bud":1,"minecraft:amethyst_cluster":3,"minecraft:clay":6,"minecraft:crafting_table":7,"luminousworld:savannah_grass_1":4,"minecraft:calcite":7,"minecraft:melon":2,"minecraft:copper_ore":10,"minecraft:tall_grass":5,"minecraft:deepslate_coal_ore":9,"minecraft:deepslate_gold_ore":41,"minecraft:sugar_cane":2,"minecraft:wall_torch":6,"minecraft:amethyst_block":2,"supplementaries:urn":8,"farmersdelight:wild_beetroots":7,"farmersdelight:sandy_shrub":6,"minecraft:wheat":2,"minecraft:grass":5,"minecraft:oak_log":49,"luminousworld:ishstone":11,"projectvibrantjourneys:short_grass":5,"minecraft:gravel":14,"minecraft:dirt":4,"minecraft:sand":35,"minecraft:smooth_basalt":5,"minecraft:stonecutter":1,"luminousworld:elephant_grass":2,"luminousworld:savannah_grass_4":5,"minecraft:oak_leaves":2,"minecraft:deepslate":588,"undead_revamp2:arapholia":1,"luminousworld:savannah_ground":1},"minecraft:broken":{"toughasnails:leaf_boots":1,"toughasnails:leaf_chestplate":1,"minecraft:stone_pickaxe":1,"minecraft:shield":1,"minecraft:iron_pickaxe":3,"toughasnails:leaf_helmet":1}},"DataVersion":3120}