{"stats":{"minecraft:broken":{"minecraft:iron_shovel":1,"toughasnails:leaf_boots":6,"toughasnails:leaf_chestplate":4,"minecraft:stone_pickaxe":1,"minecraft:iron_sword":1,"minecraft:stone_shovel":4,"iceandfire:armor_copper_metal_helmet":1,"toughasnails:leaf_leggings":4,"minecraft:shield":2,"minecraft:iron_pickaxe":3,"toughasnails:leaf_helmet":4},"minecraft:killed":{"undead_revamp2:thewolf":1,"alexsmobs:lobster":3,"born_in_chaos_v1:restless_spirit":1,"minecraft:spider":40,"undead_revamp2:thesmoker":3,"born_in_chaos_v1:siamese_skeletonsright":1,"minecraft:skeleton":9,"luminousworld:ringlet":1,"minecraft:bee":2,"undead_revamp2:thespectre":1,"minecraft:creeper":4,"luminousworld:crab":2,"luminousworld:savannah_skeleton":3,"minecraft:zombie":14,"alexsmobs:terrapin":1,"alexsmobs:maned_wolf":1,"alexsmobs:fly":3,"born_in_chaos_v1:door_knight":1,"born_in_chaos_v1:siamese_skeletonsleft":1,"quark:toretoise":1,"alexsmobs:seagull":1,"born_in_chaos_v1:thornshell_crab":1,"born_in_chaos_v1:maggot":12,"undead_revamp2:coppertar":4,"undead_revamp2:thehorrors":1,"luminousworld:savannah_zombie":9,"alexsmobs:flying_fish":3,"born_in_chaos_v1:barrel_zombie":2,"born_in_chaos_v1:baby_skeleton":2,"born_in_chaos_v1:spirit_guide_assistant":1,"undead_revamp2:the_moonflower":3,"born_in_chaos_v1:decrepit_skeleton":2,"born_in_chaos_v1:phantom_creeper_copy":4,"born_in_chaos_v1:bloody_gadfly":1,"alexsmobs:elephant":1,"iceandfire:ghost":2,"minecraft:enderman":1},"minecraft:crafted":{"minecraft:smooth_stone":3,"minecraft:oak_planks":232,"locksmith:blank_lock":4,"magistuarmory:gothic_leggings":1,"minecraft:barrel":3,"locksmith:blank_key":4,"minecraft:stone":85,"supplementaries:hourglass":1,"toughasnails:leaf_leggings":7,"minecraft:glass":18,"astikorcarts:animal_cart":1,"astikorcarts:plow":1,"minecraft:melon_seeds":4,"iceandfire:armor_copper_metal_chestplate":1,"magistuarmory:sallet":1,"toughasnails:leaf_helmet":5,"astikorcarts:wheel":6,"minecraft:stone_bricks":64,"minecraft:glass_bottle":6,"magistuarmory:steel_nugget":9,"minecraft:oak_slab":6,"toughasnails:leaf_boots":6,"locksmith:locksmithing_table":1,"toughasnails:rain_collector":3,"minecraft:crafting_table":3,"minecraft:wooden_pickaxe":1,"minecraft:clock":1,"minecraft:copper_ingot":38,"magistuarmory:halfarmor_chestplate":1,"magistuarmory:wood_pavese":1,"minecraft:stone_brick_stairs":8,"minecraft:paper":9,"minecraft:charcoal":14,"toughasnails:water_purifier":1,"minecraft:shield":2,"minecraft:stick":92,"quark:oak_chest":8,"minecraft:iron_ingot":91,"minecraft:iron_pickaxe":6,"sereneseasons:calendar":1,"minecraft:stone_sword":1,"minecraft:shears":1,"minecraft:stone_shovel":6,"minecraft:iron_nugget":54,"minecraft:spyglass":1,"minecraft:furnace":7,"minecraft:blast_furnace":1,"iceandfire:armor_copper_metal_leggings":1,"iceandfire:armor_copper_metal_helmet":1,"minecraft:oak_trapdoor":2,"iceandfire:copper_shovel":2,"minecraft:iron_axe":1,"minecraft:ladder":4,"magistuarmory:steel_ingot":35,"minecraft:iron_hoe":3,"minecraft:stone_pickaxe":2,"farmersdelight:rice":1,"magistuarmory:barbute":1,"alexsmobs:flying_fish_boots":1,"astikorcarts:supply_cart":1,"magistuarmory:steel_plate":24,"locksmith:key":1,"minecraft:wheat":108,"toughasnails:leaf_chestplate":8,"magistuarmory:gothic_chestplate":1,"minecraft:iron_sword":2,"minecraft:bucket":1,"minecraft:stone_axe":2,"minecraft:bread":36,"minecraft:air":0,"magistuarmory:gothic_boots":1,"minecraft:white_wool":3,"minecraft:iron_shovel":1,"minecraft:white_bed":1,"minecraft:torch":4},"minecraft:dropped":{"minecraft:iron_sword":1,"minecraft:oak_log":30,"minecraft:glass_bottle":1,"luminousworld:white_petunias":2,"minecraft:leather":1,"minecraft:rail":11,"farmersdelight:rice":16,"minecraft:flint":1,"minecraft:dirt":12,"minecraft:dark_oak_fence":2,"minecraft:cornflower":1,"butchersdelight:cow_hide":1,"minecraft:stone_axe":1,"minecraft:cobbled_deepslate":90,"minecraft:rotten_flesh":23,"minecraft:oak_planks":83,"luminousworld:savannah_soil":8,"minecraft:azure_bluet":2,"supplementaries:flax_seeds":1,"luminousworld:grassflowers":5,"minecraft:gunpowder":1,"minecraft:melon_seeds":2,"minecraft:acacia_sapling":1,"minecraft:ladder":1,"farmersdelight:rope":1,"minecraft:powered_rail":3,"magistuarmory:steel_claymore":1,"minecraft:wheat_seeds":29,"luminousworld:ishstone":11,"minecraft:cobblestone":59,"minecraft:amethyst_block":2,"minecraft:granite":3,"minecraft:copper_ingot":1,"minecraft:golden_apple":1,"minecraft:stick":5,"minecraft:oxeye_daisy":2,"born_in_chaos_v1:black_argillite":1,"minecraft:diorite":5,"born_in_chaos_v1:river_mint":2,"toughasnails:leaf_boots":3,"projectvibrantjourneys:seashells":2,"toughasnails:leaf_helmet":1,"toughasnails:leaf_leggings":3,"minecraft:dandelion":1,"immersive_weathering:weeds":1,"minecraft:furnace":2,"toughasnails:leaf_chestplate":2,"minecraft:stone_sword":1,"minecraft:tuff":5,"iceandfire:copper_shovel":2,"minecraft:shears":1,"luminousworld:yellow_grassflowers":9,"undead_revamp2:heavytooth":1,"luminousworld:groundpebbles_1":1,"minecraft:andesite":12,"toughasnails:purified_water_bottle":2,"minecraft:oak_sapling":49,"minecraft:spider_eye":8,"minecraft:slime_ball":2,"luminousworld:elephant_grass":1,"minecraft:bow":1,"minecraft:stone_pickaxe":1,"minecraft:wooden_pickaxe":1},"minecraft:picked_up":{"toughasnails:leaf_leggings":1,"vinery:red_grape":22,"minecraft:wheat":73,"minecraft:flower_pot":1,"farmersdelight:rice_panicle":5,"minecraft:stone_brick_stairs":2,"minecraft:amethyst_block":2,"born_in_chaos_v1:black_argillite":2,"minecraft:string":2,"minecraft:raw_copper":60,"minecraft:zombie_head":2,"minecraft:beetroot":5,"minecraft:cobbled_deepslate":298,"supplementaries:hourglass":1,"locksmith:lock":6,"farmersdelight:cabbage":22,"toughasnails:leaf_boots":2,"minecraft:calcite":7,"minecraft:iron_pickaxe":1,"minecraft:melon_slice":21,"farmersdelight:cabbage_seeds":49,"minecraft:furnace":6,"minecraft:stick":59,"minecraft:torch":17,"iceandfire:silver_ore":6,"luminousworld:savannah_soil":11,"magistuarmory:steel_claymore":1,"astikorcarts:animal_cart":1,"minecraft:diorite":5,"supplementaries:flax":4,"luminousworld:grassflowers":14,"projectvibrantjourneys:seashells":2,"minecraft:rotten_flesh":15,"luminousworld:yellow_grassflowers":9,"farmersdelight:onion":28,"supplementaries:antique_ink":6,"minecraft:red_tulip":1,"farmersdelight:rope":25,"vinery:apple_log":20,"undead_revamp2:arapholia":1,"minecraft:snowball":55,"minecraft:cobblestone":610,"luminousworld:savannah_ground":1,"farmersdelight:rice":24,"minecraft:andesite":26,"minecraft:acacia_leaves":1,"toughasnails:leaf_helmet":2,"minecraft:flint":1,"minecraft:tuff":6,"locksmith:blank_key":3,"supplementaries:flax_seeds":11,"minecraft:lapis_lazuli":80,"farmersdelight:tomato":9,"minecraft:dirt":1047,"minecraft:bone":31,"minecraft:glass":10,"immersive_weathering:weeds":3,"minecraft:stonecutter":2,"minecraft:wheat_seeds":162,"minecraft:raw_gold":41,"luminousworld:elephant_grass":2,"minecraft:powered_rail":3,"minecraft:oak_planks":81,"firstaid:plaster":5,"butchersdelight:cow_hide":1,"vinery:white_grape":6,"minecraft:sand":56,"minecraft:mossy_cobblestone":6,"undead_revamp2:heavytooth":1,"minecraft:iron_hoe":3,"toughasnails:water_purifier":1,"minecraft:diamond":8,"minecraft:crossbow":1,"minecraft:granite":27,"minecraft:golden_apple":3,"minecraft:emerald":9,"minecraft:bread":3,"astikorcarts:plow":1,"minecraft:oak_sapling":158,"minecraft:netherrack":4,"minecraft:dark_oak_fence":2,"minecraft:oak_leaves":154,"iceandfire:dragon_skull_lightning":3,"luminousworld:groundpebbles_1":4,"minecraft:charcoal":12,"minecraft:crafting_table":8,"minecraft:allium":21,"minecraft:azure_bluet":4,"minecraft:clay_ball":48,"minecraft:ladder":5,"born_in_chaos_v1:river_mint":5,"spelunkers_charm:deepslate_rock":9,"minecraft:cornflower":9,"minecraft:oak_trapdoor":4,"minecraft:moss_carpet":8,"projectvibrantjourneys:glowcap":2,"minecraft:cartography_table":2,"minecraft:iron_nugget":24,"minecraft:sugar_cane":16,"supplementaries:rope":12,"minecraft:egg":1,"minecraft:raw_iron":47,"iceandfire:dragonbone":32,"minecraft:oak_door":1,"farmersdelight:tomato_seeds":5,"luminousworld:beastiary":1,"minecraft:carrot":6,"minecraft:redstone":125,"luminousworld:baobab_plank":1,"minecraft:arrow":3,"minecraft:beetroot_seeds":18,"minecraft:shears":2,"minecraft:hay_block":24,"minecraft:gold_ingot":84,"minecraft:rail":11,"minecraft:oxeye_daisy":5,"born_in_chaos_v1:fused_bone":4,"luminousworld:ishstone":11,"minecraft:leather":1,"minecraft:red_mushroom":1,"spelunkers_charm:old_miners_bundle":1,"minecraft:oak_log":219,"minecraft:apple":117,"minecraft:stone_bricks":7,"luminousworld:white_petunias":6,"minecraft:iron_sword":1,"minecraft:acacia_sapling":2,"toughasnails:leaf_chestplate":1,"minecraft:smooth_basalt":5,"minecraft:quartz":11,"minecraft:dandelion":27,"minecraft:spyglass":1,"minecraft:gravel":10,"minecraft:amethyst_shard":23,"farmersdelight:wild_rice":1,"locksmith:locksmithing_table":1,"quark:oak_chest":5,"minecraft:spider_eye":13,"minecraft:melon_seeds":2,"minecraft:coal":54,"minecraft:ender_pearl":1},"minecraft:killed_by":{"mowziesmobs:naga":1,"undead_revamp2:the_moonflower":12,"born_in_chaos_v1:corpse_fly":1,"minecraft:zombie":6,"undead_revamp2:thesmoker":4,"undead_revamp2:thepregnant":2,"undead_revamp2:theheavy":4,"iceandfire:fire_dragon":8,"minecraft:player":2,"born_in_chaos_v1:bloody_gadfly":1,"minecraft:spider":2,"minecraft:enderman":2,"quark:toretoise":1,"born_in_chaos_v1:decaying_zombie":1,"alexsmobs:centipede_head":2,"minecraft:skeleton":10,"iceandfire:ghost":6,"luminousworld:savannah_zombie":3,"born_in_chaos_v1:dread_hound":1,"undead_revamp2:thebeartamer":1,"luminousworld:savannah_skeleton":4},"minecraft:mined":{"minecraft:large_amethyst_bud":1,"minecraft:oak_sapling":3,"minecraft:farmland":2,"minecraft:granite":27,"minecraft:budding_amethyst":1,"minecraft:acacia_log":9,"luminousworld:bao_bob_wood":1,"minecraft:grass_block":577,"luminousworld:baobab_plank":1,"minecraft:oxeye_daisy":2,"luminousworld:savanna_grass_2":1,"vinery:apple_log":51,"minecraft:magma_block":10,"immersive_weathering:mossy_stone":6,"minecraft:cobbled_deepslate":5,"minecraft:moss_carpet":3,"minecraft:deepslate_lapis_ore":6,"minecraft:azure_bluet":1,"minecraft:dirt_path":1,"projectvibrantjourneys:glowcap":2,"immersive_weathering:oak_leaf_pile":5,"minecraft:deepslate_redstone_ore":19,"minecraft:blackstone":1,"minecraft:medium_amethyst_bud":1,"minecraft:amethyst_cluster":3,"minecraft:clay":6,"locksmith:locksmithing_table":1,"projectvibrantjourneys:twigs":2,"minecraft:calcite":7,"minecraft:melon":2,"minecraft:nether_quartz_ore":11,"minecraft:cobblestone":20,"minecraft:oak_planks":1,"projectvibrantjourneys:fallen_leaves":2,"minecraft:sugar_cane":5,"minecraft:wall_torch":9,"minecraft:amethyst_block":2,"farmersdelight:sandy_shrub":7,"supplementaries:hourglass":1,"minecraft:wheat":3,"born_in_chaos_v1:river_mint":3,"minecraft:stone_brick_stairs":2,"minecraft:grass":122,"minecraft:oak_log":231,"projectvibrantjourneys:short_grass":94,"minecraft:sand":40,"minecraft:dirt":468,"luminousworld:grassvariant_3":39,"minecraft:smooth_basalt":5,"immersive_weathering:weeds":2,"minecraft:stonecutter":1,"minecraft:netherrack":3,"luminousworld:savannah_grass_4":5,"minecraft:oak_leaves":119,"minecraft:deepslate":588,"luminousworld:savannah_ground":1,"luminousworld:groundpebbles_1":3,"minecraft:tuff":61,"farmersdelight:onions":2,"iceandfire:silver_ore":3,"minecraft:deepslate_diamond_ore":4,"farmersdelight:wild_carrots":6,"projectvibrantjourneys:rocks":3,"minecraft:ladder":3,"minecraft:dark_oak_fence":2,"minecraft:allium":7,"born_in_chaos_v1:black_argillite":2,"luminousworld:grassvariant_2":28,"farmersdelight:wild_cabbages":9,"minecraft:red_mushroom":1,"minecraft:cartography_table":1,"minecraft:hay_block":23,"farmersdelight:wild_onions":8,"minecraft:oak_trapdoor":3,"minecraft:furnace":5,"luminousworld:yellow_grassflowers":3,"minecraft:snow":36,"minecraft:andesite":24,"spelunkers_charm:deepslate_rock_pile_2":1,"minecraft:deepslate_iron_ore":45,"minecraft:stone":391,"luminousworld:savannah_soil":16,"quark:oak_chest":5,"toughasnails:water_purifier":1,"minecraft:dandelion":16,"minecraft:crafting_table":8,"minecraft:cornflower":1,"luminousworld:savannah_grass_1":4,"minecraft:emerald_ore":1,"luminousworld:grassflowers":4,"minecraft:copper_ore":16,"minecraft:tall_grass":9,"minecraft:deepslate_coal_ore":9,"farmersdelight:wild_tomatoes":4,"minecraft:deepslate_gold_ore":41,"supplementaries:urn":8,"farmersdelight:wild_beetroots":7,"luminousworld:ishstone":11,"minecraft:gravel":14,"minecraft:stone_bricks":7,"luminousworld:elephant_grass":2,"undead_revamp2:arapholia":1},"minecraft:used":{"supplementaries:hourglass":1,"minecraft:iron_shovel":255,"farmersdelight:cabbage_seeds":11,"minecraft:ladder":3,"minecraft:shield":114,"minecraft:iron_sword":580,"minecraft:zombie_spawn_egg":8,"luminousworld:savannah_ground":1,"minecraft:rotten_flesh":2,"minecraft:allium":16,"locksmith:locksmithing_table":1,"minecraft:azure_bluet":1,"magistuarmory:diamond_guisarme":25,"luminousworld:elephant_grass":1,"minecraft:stone_brick_stairs":8,"minecraft:stone_bricks":16,"minecraft:bow":4,"minecraft:oak_sapling":40,"minecraft:furnace":9,"minecraft:beetroot_seeds":4,"supplementaries:bamboo_spikes_tipped":1,"locksmith:lock":16,"minecraft:oak_planks":1,"minecraft:stone_pickaxe":205,"minecraft:wooden_pickaxe":9,"minecraft:sugar_cane":3,"luminousworld:baobab_plank":1,"magistuarmory:steel_claymore":3,"minecraft:sand":5,"astikorcarts:plow":1,"minecraft:blast_furnace":1,"minecraft:crossbow":5,"minecraft:acacia_leaves":1,"farmersdelight:rice":1,"minecraft:shears":110,"locksmith:key":251,"iceandfire:copper_shovel":12,"minecraft:melon_slice":5,"minecraft:bread":34,"supplementaries:flax_seeds":7,"minecraft:oak_trapdoor":3,"minecraft:stone_sword":44,"iceandfire:armor_copper_metal_leggings":1,"toughasnails:water_purifier":2,"minecraft:stone_shovel":670,"astikorcarts:animal_cart":2,"undead_revamp2:invisiblebidy_spawn_egg":1,"minecraft:oak_door":1,"minecraft:torch":24,"minecraft:dirt":213,"minecraft:spyglass":14,"luminousworld:grassflowers":1,"minecraft:granite":13,"minecraft:iron_hoe":2,"minecraft:red_tulip":1,"minecraft:iron_axe":43,"minecraft:melon_seeds":4,"luminousworld:savannah_soil":3,"magistuarmory:heavy_crossbow":7,"farmersdelight:tomato_seeds":5,"minecraft:cobbled_deepslate":85,"minecraft:wheat_seeds":19,"minecraft:water_bucket":1,"minecraft:glass_bottle":3,"iceandfire:dragon_skull_lightning":1,"minecraft:mossy_cobblestone":1,"farmersdelight:onion":11,"minecraft:crafting_table":11,"toughasnails:rain_collector":3,"minecraft:white_bed":1,"minecraft:oak_log":3,"minecraft:apple":2,"minecraft:oxeye_daisy":2,"magistuarmory:wood_pavese":36,"minecraft:iron_pickaxe":1181,"minecraft:stone_axe":6,"minecraft:cobblestone":193,"toughasnails:purified_water_bottle":18,"minecraft:bucket":1,"quark:oak_chest":12,"alexsmobs:animal_dictionary":1,"magistuarmory:diamond_lucernhammer":5},"minecraft:custom":{"minecraft:interact_with_crafting_table":92,"minecraft:leave_game":77,"minecraft:time_since_death":5066,"minecraft:sprint_one_cm":1729196,"minecraft:damage_blocked_by_shield":3550,"minecraft:drop":127,"minecraft:talked_to_villager":2,"minecraft:play_time":1066051,"minecraft:deaths":92,"minecraft:jump":4844,"minecraft:walk_on_water_one_cm":77339,"minecraft:interact_with_furnace":89,"minecraft:sleep_in_bed":10,"minecraft:damage_dealt":26850,"minecraft:player_kills":1,"minecraft:crouch_one_cm":24460,"minecraft:use_cauldron":20,"minecraft:interact_with_smithing_table":3,"minecraft:mob_kills":154,"minecraft:damage_dealt_resisted":1404,"minecraft:climb_one_cm":10976,"minecraft:walk_one_cm":1349257,"minecraft:damage_dealt_absorbed":40,"minecraft:sneak_time":12499,"minecraft:walk_under_water_one_cm":23525,"minecraft:interact_with_blast_furnace":6,"minecraft:total_world_time":1066051,"locksmith:interact_with_locksmithing_table":4,"minecraft:time_since_rest":5102,"minecraft:damage_taken":18942,"minecraft:swim_one_cm":53911,"minecraft:fly_one_cm":764685,"minecraft:open_chest":307,"minecraft:fall_one_cm":78612}},"DataVersion":3120}