{"stats":{"minecraft:used":{"minecraft:wooden_axe":5,"minecraft:dark_oak_log":3,"minecraft:birch_sapling":3,"iceandfire:dragonbone_sword_ice":29,"minecraft:wooden_pickaxe":1,"minecraft:stone_bricks":3,"minecraft:wooden_sword":33,"minecraft:crafting_table":1,"alexsmobs:animal_dictionary":1,"iceandfire:spawn_egg_fire_dragon":1},"minecraft:custom":{"minecraft:time_since_rest":41624,"minecraft:sprint_one_cm":40932,"minecraft:damage_taken":70,"minecraft:walk_one_cm":86465,"minecraft:mob_kills":11,"minecraft:drop":4,"minecraft:damage_dealt":4244,"minecraft:talked_to_villager":5,"minecraft:interact_with_crafting_table":2,"minecraft:fly_one_cm":944614,"minecraft:open_chest":12,"minecraft:crouch_one_cm":2753,"minecraft:play_time":68542,"minecraft:deaths":2,"minecraft:sneak_time":1926,"minecraft:walk_under_water_one_cm":16237,"minecraft:damage_dealt_resisted":40,"minecraft:jump":173,"minecraft:leave_game":3,"minecraft:walk_on_water_one_cm":2379,"minecraft:time_since_death":41032,"minecraft:climb_one_cm":399,"minecraft:total_world_time":68542,"minecraft:fall_one_cm":209},"minecraft:killed_by":{"luminousworld:dark_oak_skeleton":1},"minecraft:mined":{"minecraft:dark_oak_leaves":4,"minecraft:dark_oak_log":132,"minecraft:grass":2},"minecraft:killed":{"minecraft:zombie":4,"iceandfire:fire_dragon":1,"luminousworld:dark_oak_zombie":1,"born_in_chaos_v1:maggot":5},"minecraft:dropped":{"minecraft:wheat_seeds":1,"minecraft:charcoal":2,"iceandfire:dragon_skull_lightning":1},"minecraft:crafted":{"minecraft:wooden_sword":1,"minecraft:crafting_table":1,"minecraft:wooden_pickaxe":1,"minecraft:wooden_axe":1,"minecraft:dark_oak_planks":36},"minecraft:picked_up":{"minecraft:charcoal":2,"minecraft:birch_log":1,"iceandfire:dragon_skull_lightning":2,"minecraft:dark_oak_sapling":20,"luminousworld:decorative_brown_2":2,"minecraft:stick":19,"iceandfire:dragonbone":54,"luminousworld:clovers_1":1,"minecraft:brown_mushroom":7,"iceandfire:dragon_skull_fire":1,"butchersdelight:deadpig":2,"minecraft:dark_oak_log":132,"iceandfire:dragonscales_bronze":47,"butchersdelight:deadchiken":1,"luminousworld:decorative_brown_mushroom_1":1,"minecraft:apple":3,"luminousworld:soft_birch_log":1,"minecraft:wheat_seeds":2,"iceandfire:fire_dragon_heart":1,"minecraft:birch_sapling":12,"iceandfire:fire_dragon_flesh":2}},"DataVersion":3120}