{"stats":{"minecraft:crafted":{"minecraft:oak_planks":94,"toughasnails:leaf_leggings":6,"minecraft:glass":50,"sophisticatedbackpacks:copper_backpack":1,"toughasnails:leaf_helmet":4,"minecraft:copper_block":22,"minecraft:glass_bottle":3,"toughasnails:leaf_boots":7,"sophisticatedbackpacks:backpack":1,"minecraft:crafting_table":7,"minecraft:acacia_slab":36,"minecraft:wooden_pickaxe":1,"minecraft:copper_ingot":213,"butchersdelight:cleaver":1,"sophisticatedbackpacks:upgrade_base":1,"minecraft:iron_chestplate":1,"minecraft:shield":1,"quark:oak_chest":4,"minecraft:stick":44,"minecraft:iron_ingot":67,"minecraft:iron_pickaxe":2,"minecraft:stone_sword":1,"minecraft:acacia_door":3,"minecraft:gold_ingot":2,"iceandfire:silver_sword":1,"minecraft:shears":3,"minecraft:stone_shovel":1,"minecraft:iron_nugget":18,"minecraft:furnace":5,"sophisticatedbackpacks:stack_upgrade_starter_tier":1,"iceandfire:armor_copper_metal_helmet":1,"minecraft:glass_pane":16,"quark:acacia_chest":1,"minecraft:stone_pickaxe":1,"luminousworld:baobabfence":30,"alexsmobs:flying_fish_boots":1,"sophisticatedbackpacks:iron_backpack":1,"iceandfire:silver_ingot":6,"butchersdelight:hook":2,"toughasnails:leaf_chestplate":5,"sophisticatedbackpacks:gold_backpack":1,"minecraft:bucket":1,"minecraft:stone_axe":2,"luminousworld:baobab_fence_gate":2,"minecraft:air":0,"minecraft:iron_leggings":1,"minecraft:acacia_planks":196,"minecraft:torch":20,"luminousworld:baobab_plank":76},"minecraft:used":{"iceandfire:deepslate_silver_ore":2,"minecraft:moss_carpet":2,"minecraft:shield":2,"butchersdelight:hook":3,"minecraft:grass":5,"luminousworld:savannah_ground":48,"minecraft:acacia_sapling":17,"luminousworld:white_oak_sapling":1,"minecraft:lantern":2,"iceandfire:ghost_chest":1,"luminousworld:elephant_grass":8,"minecraft:furnace":7,"minecraft:oak_sapling":32,"minecraft:egg":1,"projectvibrantjourneys:rocks":1,"luminousworld:baobab_fence_gate":3,"immersive_weathering:acacia_leaf_pile":1,"minecraft:stone_pickaxe":134,"minecraft:wooden_pickaxe":15,"luminousworld:groundpebbles_1":1,"luminousworld:baobab_plank":33,"butchersdelight:skullcow":6,"minecraft:crossbow":8,"minecraft:shears":233,"minecraft:acacia_door":3,"minecraft:bread":8,"minecraft:gravel":1,"minecraft:smithing_table":1,"minecraft:cobweb":6,"minecraft:stone_sword":62,"iceandfire:silver_sword":272,"minecraft:flint_and_steel":2,"minecraft:stone_shovel":70,"projectvibrantjourneys:short_grass":2,"luminousworld:bao_bob_log":2,"minecraft:orange_bed":1,"minecraft:torch":58,"minecraft:dirt":34,"minecraft:spyglass":10,"butchersdelight:cleaver":2,"minecraft:acacia_slab":49,"luminousworld:baobabfence":33,"projectvibrantjourneys:orange_bark_mushroom":1,"minecraft:tall_grass":1,"luminousworld:savannah_soil":34,"minecraft:acacia_planks":110,"minecraft:cobbled_deepslate":6,"minecraft:wheat_seeds":9,"minecraft:water_bucket":13,"minecraft:glass_bottle":3,"iceandfire:dragon_skull_lightning":2,"minecraft:mossy_cobblestone":1,"luminousworld:white_petunias":7,"minecraft:crafting_table":9,"quark:acacia_chest":5,"minecraft:oak_log":16,"minecraft:acacia_stairs":4,"minecraft:apple":8,"minecraft:iron_pickaxe":363,"minecraft:stone_axe":106,"minecraft:cobblestone":5,"minecraft:bucket":14,"minecraft:glass_pane":8,"quark:oak_chest":4,"vinery:apple_tree_sapling":4,"alexsmobs:animal_dictionary":1},"minecraft:killed_by":{"mowziesmobs:naga":2,"undead_revamp2:the_moonflower":4,"born_in_chaos_v1:glutton_fish":1,"born_in_chaos_v1:corpse_fly":1,"born_in_chaos_v1:siamese_skeletons":1,"born_in_chaos_v1:scarlet_persecutor":4,"undead_revamp2:thepregnant":1,"iceandfire:fire_dragon":1,"minecraft:spider":3,"born_in_chaos_v1:fallen_chaos_knight":1,"undead_revamp2:thespitter":1,"undead_revamp2:thehorrors":3,"undead_revamp2:thehunter":1,"alexsmobs:centipede_head":2,"minecraft:skeleton":3,"iceandfire:ghost":2,"luminousworld:savannah_skeleton":4},"minecraft:custom":{"minecraft:animals_bred":4,"minecraft:interact_with_crafting_table":87,"minecraft:bell_ring":3,"minecraft:leave_game":2,"minecraft:time_since_death":33774,"minecraft:sprint_one_cm":814695,"minecraft:damage_blocked_by_shield":90,"minecraft:drop":70,"minecraft:talked_to_villager":2,"minecraft:play_time":389853,"minecraft:deaths":44,"minecraft:jump":4921,"minecraft:interact_with_brewingstand":1,"minecraft:walk_on_water_one_cm":59073,"minecraft:interact_with_furnace":50,"minecraft:interact_with_cartography_table":2,"minecraft:sleep_in_bed":12,"minecraft:damage_dealt":14209,"minecraft:player_kills":2,"minecraft:crouch_one_cm":23310,"minecraft:interact_with_smithing_table":6,"minecraft:mob_kills":65,"minecraft:damage_dealt_resisted":373,"minecraft:climb_one_cm":1351,"minecraft:walk_one_cm":1111917,"minecraft:damage_dealt_absorbed":68,"minecraft:sneak_time":8944,"minecraft:walk_under_water_one_cm":24854,"minecraft:total_world_time":389853,"minecraft:time_since_rest":28667,"minecraft:damage_taken":9022,"minecraft:trigger_trapped_chest":1,"minecraft:swim_one_cm":32058,"minecraft:fly_one_cm":850503,"minecraft:open_chest":147,"minecraft:fall_one_cm":78333},"minecraft:killed":{"born_in_chaos_v1:restless_spirit":2,"minecraft:spider":6,"undead_revamp2:thesmoker":2,"born_in_chaos_v1:siamese_skeletonsright":1,"born_in_chaos_v1:baby_skeleton_minion":1,"minecraft:skeleton":1,"born_in_chaos_v1:bonescaller":1,"minecraft:creeper":1,"luminousworld:savannah_skeleton":1,"minecraft:zombie":6,"born_in_chaos_v1:dread_hound":1,"born_in_chaos_v1:siamese_skeletonsleft":1,"undead_revamp2:thehunter":1,"quark:toretoise":2,"born_in_chaos_v1:zombie_bruiser":1,"born_in_chaos_v1:maggot":7,"undead_revamp2:sucker":1,"alexsmobs:flying_fish":2,"born_in_chaos_v1:baby_skeleton":1,"undead_revamp2:the_moonflower":1,"born_in_chaos_v1:decrepit_skeleton":1,"alexsmobs:emu":1,"born_in_chaos_v1:bloody_gadfly":1,"iceandfire:ghost":6,"alexsmobs:gazelle":1},"minecraft:dropped":{"minecraft:brown_mushroom":1,"minecraft:crafting_table":1,"iceandfire:graveyard_soil":1,"minecraft:gold_block":1,"minecraft:wheat":3,"supplementaries:flax_seeds":1,"supplementaries:ash":10,"luminousworld:grassflowers":6,"spelunkers_charm:rock":6,"minecraft:acacia_sapling":18,"minecraft:oak_leaves":79,"minecraft:wheat_seeds":159,"minecraft:copper_ingot":1,"luminousworld:savannah_ground":1,"toughasnails:leaf_boots":1,"toughasnails:leaf_helmet":1,"minecraft:dandelion":3,"minecraft:furnace":1,"immersive_weathering:acacia_bark":1,"toughasnails:leaf_chestplate":1,"alexsmobs:acacia_blossom":4,"minecraft:tall_grass":1,"minecraft:shears":1,"luminousworld:yellow_grassflowers":7,"iceandfire:myrmex_desert_resin_glass":1,"luminousworld:groundpebbles_1":3,"minecraft:andesite":1,"iceandfire:silver_ingot":1,"luminousworld:elephant_grass":12},"minecraft:broken":{"toughasnails:leaf_boots":6,"toughasnails:leaf_chestplate":4,"minecraft:stone_pickaxe":1,"minecraft:stone_axe":1,"toughasnails:leaf_leggings":5,"minecraft:iron_pickaxe":1,"toughasnails:leaf_helmet":3},"minecraft:mined":{"iceandfire:graveyard_soil":10,"minecraft:acacia_log":48,"minecraft:grass_block":11,"luminousworld:baobab_plank":17,"luminousworld:savanna_grass_2":51,"vinery:apple_log":5,"immersive_weathering:mossy_stone":1,"minecraft:iron_ore":94,"minecraft:fire":3,"minecraft:deepslate_lapis_ore":5,"minecraft:orange_bed":1,"minecraft:kelp_plant":2,"luminousworld:tall_deadbush":1,"minecraft:amethyst_cluster":5,"iceandfire:myrmex_desert_resin_glass":1,"minecraft:torch":21,"projectvibrantjourneys:twigs":3,"minecraft:melon":3,"iceandfire:ghost_chest":4,"projectvibrantjourneys:fallen_leaves":9,"minecraft:wall_torch":11,"minecraft:deepslate_copper_ore":9,"minecraft:seagrass":1,"luminousworld:bao_bob_log":21,"minecraft:grass":97,"butchersdelight:hook":1,"minecraft:oak_log":63,"projectvibrantjourneys:short_grass":109,"luminousworld:baobab_fence_gate":1,"minecraft:sand":57,"minecraft:dirt":13,"luminousworld:grassvariant_3":15,"luminousworld:savannah_grass_4":36,"minecraft:oak_leaves":206,"minecraft:deepslate":6,"luminousworld:savannah_ground":49,"minecraft:tuff":1,"iceandfire:silver_ore":2,"farmersdelight:wild_carrots":4,"projectvibrantjourneys:rocks":6,"iceandfire:deepslate_silver_ore":6,"luminousworld:grassvariant_2":27,"quark:acacia_chest":5,"minecraft:acacia_slab":12,"minecraft:sandstone":1,"minecraft:furnace":3,"luminousworld:yellow_grassflowers":5,"minecraft:acacia_wood":1,"minecraft:acacia_stairs":4,"minecraft:andesite":3,"minecraft:gold_block":1,"projectvibrantjourneys:beach_grass":2,"minecraft:deepslate_iron_ore":30,"minecraft:vine":2,"minecraft:stone":99,"iceandfire:pixie_jar_empty":1,"minecraft:smithing_table":2,"luminousworld:savannah_soil":40,"minecraft:acacia_leaves":29,"minecraft:crafting_table":3,"luminousworld:savannah_grass_1":25,"minecraft:emerald_ore":2,"luminousworld:grassflowers":4,"minecraft:tall_grass":4,"minecraft:copper_ore":47,"minecraft:deepslate_gold_ore":24,"luminousworld:baobabfence":3,"supplementaries:urn":5,"minecraft:coal_ore":155,"luminousworld:ishstone":1,"minecraft:acacia_door":1,"minecraft:cobweb":6,"minecraft:acacia_planks":13,"luminousworld:elephant_grass":15,"projectvibrantjourneys:oak_hollow_log":1,"luminousworld:white_petunias":7},"minecraft:picked_up":{"minecraft:wheat":46,"minecraft:chainmail_boots":1,"minecraft:smithing_table":2,"minecraft:lead":10,"iceandfire:manuscript":9,"minecraft:string":6,"minecraft:raw_copper":335,"alexsmobs:emu_feather":4,"minecraft:gold_nugget":9,"minecraft:cobbled_deepslate":6,"toughasnails:leaf_boots":1,"minecraft:melon_slice":15,"minecraft:iron_boots":1,"minecraft:furnace":3,"minecraft:stick":45,"iceandfire:ghost_chest":4,"minecraft:torch":49,"minecraft:acacia_log":48,"luminousworld:savannah_soil":40,"iceandfire:silver_ore":2,"minecraft:orange_bed":1,"luminousworld:grassflowers":6,"minecraft:rotten_flesh":38,"luminousworld:yellow_grassflowers":7,"supplementaries:ash":10,"vinery:apple_log":5,"minecraft:cobblestone":98,"luminousworld:savannah_ground":49,"farmersdelight:rice":14,"minecraft:andesite":1,"minecraft:acacia_leaves":29,"minecraft:copper_block":13,"toughasnails:leaf_helmet":1,"supplementaries:flax_seeds":7,"projectvibrantjourneys:oak_hollow_log":1,"projectvibrantjourneys:rocks":1,"minecraft:map":1,"minecraft:lapis_lazuli":99,"minecraft:dirt":70,"minecraft:lantern":2,"minecraft:name_tag":3,"minecraft:bone":32,"minecraft:glass":6,"minecraft:acacia_planks":13,"minecraft:wheat_seeds":184,"minecraft:raw_gold":48,"luminousworld:elephant_grass":20,"luminousworld:baobab_fence_gate":1,"minecraft:oak_planks":1,"butchersdelight:skullcow":6,"butchersdelight:cow_hide":6,"minecraft:sand":58,"minecraft:acacia_stairs":4,"alexsmobs:animal_dictionary":1,"minecraft:mossy_cobblestone":1,"immersive_weathering:acacia_leaf_pile":1,"minecraft:grass":5,"minecraft:bread":5,"minecraft:emerald":18,"butchersdelight:hook":1,"minecraft:oak_sapling":49,"luminousworld:bao_bob_log":21,"minecraft:oak_leaves":319,"iceandfire:dragon_skull_lightning":5,"luminousworld:groundpebbles_1":4,"minecraft:crafting_table":3,"minecraft:brown_mushroom":1,"minecraft:gold_block":2,"minecraft:moss_carpet":2,"minecraft:acacia_door":1,"minecraft:compass":2,"butchersdelight:dead_cow":6,"iceandfire:graveyard_soil":12,"vinery:apple_tree_sapling":4,"minecraft:beef":24,"projectvibrantjourneys:short_grass":2,"supplementaries:rope":26,"minecraft:egg":1,"minecraft:raw_iron":122,"iceandfire:dragonbone":34,"immersive_weathering:acacia_bark":1,"minecraft:copper_ingot":1,"minecraft:fire_charge":1,"farmersdelight:tomato_seeds":7,"minecraft:carrot":4,"luminousworld:baobab_plank":18,"luminousworld:white_oak_sapling":1,"iceandfire:silver_ingot":8,"minecraft:arrow":1,"quark:acacia_chest":5,"minecraft:shears":3,"iceandfire:deepslate_silver_ore":6,"minecraft:gold_ingot":1,"minecraft:glow_berries":12,"minecraft:rail":10,"born_in_chaos_v1:fused_bone":4,"alexsmobs:acacia_blossom":5,"iceandfire:myrmex_desert_resin_glass":1,"minecraft:acacia_wood":1,"spelunkers_charm:old_miners_bundle":2,"minecraft:oak_log":63,"iceandfire:ectoplasm":4,"iceandfire:armor_copper_metal_helmet":2,"luminousworld:baobabfence":3,"butchersdelight:deadchiken":2,"minecraft:apple":26,"iceandfire:pixie_jar_empty":1,"minecraft:kelp":11,"minecraft:iron_ingot":41,"minecraft:tall_grass":2,"luminousworld:white_petunias":7,"minecraft:acacia_sapling":35,"toughasnails:leaf_chestplate":1,"minecraft:dandelion":3,"minecraft:gravel":1,"projectvibrantjourneys:bones":6,"minecraft:amethyst_shard":36,"iceandfire:silver_sword":1,"minecraft:iron_helmet":1,"projectvibrantjourneys:orange_bark_mushroom":1,"minecraft:acacia_slab":13,"spelunkers_charm:rock":6,"minecraft:coal":146}},"DataVersion":3120}