{"stats":{"minecraft:broken":{"minecraft:iron_shovel":1,"minecraft:iron_chestplate":2,"minecraft:stone_pickaxe":1,"minecraft:stone_axe":2,"minecraft:stone_shovel":3,"minecraft:shield":2,"minecraft:iron_axe":1,"minecraft:iron_pickaxe":5,"minecraft:iron_helmet":1},"minecraft:crafted":{"minecraft:smooth_stone":9,"minecraft:oak_planks":506,"locksmith:blank_lock":4,"locksmith:blank_key":1,"minecraft:stone":9,"minecraft:cobblestone_stairs":48,"butchersdelight:rack":1,"minecraft:glass":50,"sophisticatedbackpacks:copper_backpack":1,"magistuarmory:steel_shortsword":1,"minecraft:copper_block":22,"minecraft:glass_bottle":6,"minecraft:oak_slab":348,"sophisticatedbackpacks:backpack":1,"minecraft:crafting_table":9,"minecraft:acacia_slab":36,"minecraft:wooden_pickaxe":1,"minecraft:copper_ingot":213,"minecraft:gold_block":11,"butchersdelight:cleaver":2,"sophisticatedbackpacks:upgrade_base":1,"minecraft:iron_chestplate":1,"minecraft:diamond_pickaxe":1,"minecraft:shield":4,"quark:oak_chest":8,"minecraft:stick":48,"minecraft:iron_ingot":223,"minecraft:iron_pickaxe":3,"minecraft:stone_sword":1,"minecraft:acacia_door":3,"minecraft:gold_ingot":225,"iceandfire:silver_sword":2,"minecraft:shears":3,"magistuarmory:leather_strip":6,"minecraft:oak_door":6,"minecraft:stone_shovel":2,"locksmith:lock":2,"minecraft:iron_nugget":45,"magistuarmory:steel_claymore":1,"minecraft:furnace":5,"minecraft:blast_furnace":1,"sophisticatedbackpacks:stack_upgrade_starter_tier":1,"iceandfire:armor_copper_metal_helmet":1,"minecraft:glass_pane":48,"magistuarmory:hilt":1,"quark:acacia_chest":1,"minecraft:iron_axe":1,"magistuarmory:steel_ingot":91,"minecraft:stone_pickaxe":1,"luminousworld:baobabfence":30,"alexsmobs:flying_fish_boots":1,"sophisticatedbackpacks:iron_backpack":1,"minecraft:cooked_beef":24,"locksmith:key":1,"iceandfire:silver_ingot":6,"butchersdelight:hook":2,"minecraft:enchanting_table":1,"sophisticatedbackpacks:gold_backpack":1,"minecraft:bucket":1,"minecraft:stone_axe":2,"luminousworld:baobab_fence_gate":2,"minecraft:air":0,"minecraft:iron_shovel":1,"minecraft:iron_leggings":2,"minecraft:acacia_planks":204,"minecraft:torch":20,"luminousworld:baobab_plank":76},"minecraft:used":{"iceandfire:deepslate_silver_ore":2,"minecraft:moss_carpet":2,"minecraft:iron_shovel":253,"minecraft:shield":207,"butchersdelight:hook":3,"minecraft:grass":5,"luminousworld:savannah_ground":48,"minecraft:allium":2,"minecraft:acacia_sapling":17,"minecraft:obsidian":10,"minecraft:snowball":16,"luminousworld:white_oak_sapling":1,"minecraft:lantern":2,"iceandfire:ghost_chest":1,"luminousworld:elephant_grass":8,"minecraft:bow":109,"minecraft:oak_sapling":66,"minecraft:furnace":7,"minecraft:egg":1,"locksmith:lock":6,"projectvibrantjourneys:rocks":1,"luminousworld:baobab_fence_gate":3,"immersive_weathering:acacia_leaf_pile":1,"minecraft:stone_pickaxe":134,"minecraft:oak_planks":164,"minecraft:blackstone":13,"minecraft:wooden_pickaxe":15,"luminousworld:groundpebbles_1":1,"luminousworld:baobab_plank":33,"magistuarmory:steel_claymore":73,"butchersdelight:skullcow":6,"minecraft:blast_furnace":1,"supplementaries:candle_holder":2,"minecraft:crossbow":23,"minecraft:shears":396,"locksmith:key":136,"minecraft:acacia_door":3,"minecraft:bread":13,"minecraft:gravel":2,"minecraft:dark_oak_fence":1,"minecraft:smithing_table":2,"minecraft:chain":2,"minecraft:cobweb":6,"iceandfire:silver_sword":912,"minecraft:stone_sword":62,"minecraft:flint_and_steel":3,"minecraft:stone_shovel":322,"projectvibrantjourneys:short_grass":2,"luminousworld:bao_bob_log":2,"minecraft:netherrack":131,"minecraft:oak_door":3,"minecraft:orange_bed":1,"minecraft:torch":90,"minecraft:dirt":148,"minecraft:spyglass":13,"butchersdelight:cleaver":2,"minecraft:iron_axe":90,"minecraft:acacia_slab":49,"luminousworld:baobabfence":33,"projectvibrantjourneys:orange_bark_mushroom":1,"minecraft:basalt":45,"immersive_weathering:weeds":1,"minecraft:tall_grass":1,"luminousworld:savannah_soil":34,"spelunkers_charm:rock":2,"minecraft:cooked_beef":12,"minecraft:cobbled_deepslate":30,"minecraft:acacia_planks":110,"minecraft:wheat_seeds":9,"minecraft:water_bucket":145,"minecraft:cobblestone_stairs":24,"minecraft:glass_bottle":9,"iceandfire:dragon_skull_lightning":2,"minecraft:mossy_cobblestone":2,"luminousworld:white_petunias":8,"minecraft:oak_slab":357,"minecraft:crafting_table":11,"quark:acacia_chest":5,"minecraft:oak_log":78,"minecraft:diamond_pickaxe":509,"minecraft:acacia_stairs":4,"minecraft:oxeye_daisy":1,"minecraft:apple":14,"minecraft:iron_pickaxe":1090,"minecraft:stone_axe":119,"minecraft:cobblestone":173,"minecraft:potion":6,"quark:oak_chest":9,"minecraft:bucket":145,"vinery:apple_tree_sapling":4,"minecraft:glass_pane":40,"alexsmobs:animal_dictionary":1,"butchersdelight:rack":1},"minecraft:killed":{"alexsmobs:lobster":1,"born_in_chaos_v1:restless_spirit":2,"minecraft:spider":8,"undead_revamp2:thesmoker":3,"born_in_chaos_v1:siamese_skeletonsright":2,"born_in_chaos_v1:baby_skeleton_minion":2,"minecraft:skeleton":4,"undead_revamp2:therod":4,"undead_revamp2:thepregnant":1,"undead_revamp2:thespectre":2,"undead_revamp2:thespitter":1,"born_in_chaos_v1:bonescaller":1,"undead_revamp2:theheavy":1,"alexsmobs:stradpole":2,"minecraft:creeper":3,"alexsmobs:crimson_mosquito":8,"minecraft:sheep":4,"minecraft:pillager":2,"luminousworld:savannah_skeleton":3,"minecraft:zombie":25,"born_in_chaos_v1:dread_hound":4,"minecraft:blaze":1,"born_in_chaos_v1:siamese_skeletonsleft":2,"undead_revamp2:thehunter":2,"undead_revamp2:thegliter":1,"minecraft:vindicator":1,"quark:toretoise":3,"alexsmobs:seagull":3,"born_in_chaos_v1:thornshell_crab":1,"born_in_chaos_v1:zombie_bruiser":2,"born_in_chaos_v1:firelight":1,"born_in_chaos_v1:maggot":24,"iceandfire:fire_dragon":1,"undead_revamp2:thehorrors":1,"undead_revamp2:sucker":1,"luminousworld:savannah_zombie":4,"alexsmobs:flying_fish":2,"mowziesmobs:grottol":1,"born_in_chaos_v1:baby_skeleton":1,"born_in_chaos_v1:spirit_guide_assistant":1,"undead_revamp2:the_moonflower":11,"born_in_chaos_v1:decrepit_skeleton":1,"alexsmobs:emu":1,"alexsmobs:catfish":1,"born_in_chaos_v1:bloody_gadfly":3,"alexsmobs:cockroach":1,"iceandfire:ghost":7,"alexsmobs:gazelle":1,"born_in_chaos_v1:dark_vortex":1,"minecraft:wither_skeleton":1},"minecraft:custom":{"minecraft:animals_bred":9,"minecraft:interact_with_crafting_table":149,"minecraft:bell_ring":3,"minecraft:leave_game":107,"minecraft:time_since_death":476,"minecraft:sprint_one_cm":1953635,"minecraft:damage_blocked_by_shield":6075,"minecraft:drop":242,"minecraft:talked_to_villager":13,"minecraft:play_time":1195911,"minecraft:deaths":155,"minecraft:jump":12465,"minecraft:interact_with_brewingstand":1,"minecraft:walk_on_water_one_cm":249604,"minecraft:interact_with_furnace":96,"minecraft:interact_with_cartography_table":2,"minecraft:sleep_in_bed":21,"minecraft:damage_dealt":43693,"minecraft:player_kills":2,"minecraft:crouch_one_cm":130263,"minecraft:use_cauldron":1,"minecraft:interact_with_smithing_table":8,"minecraft:mob_kills":226,"minecraft:damage_dealt_resisted":465,"minecraft:climb_one_cm":6872,"minecraft:walk_one_cm":3024217,"minecraft:damage_dealt_absorbed":68,"minecraft:sneak_time":49793,"minecraft:walk_under_water_one_cm":90740,"minecraft:interact_with_blast_furnace":38,"minecraft:total_world_time":1195911,"locksmith:interact_with_locksmithing_table":6,"minecraft:time_since_rest":604,"minecraft:damage_taken":32940,"minecraft:trigger_trapped_chest":1,"minecraft:swim_one_cm":88874,"minecraft:fly_one_cm":2236947,"minecraft:open_chest":397,"minecraft:fall_one_cm":226655},"minecraft:picked_up":{"minecraft:wheat":100,"minecraft:chainmail_boots":1,"minecraft:smithing_table":2,"minecraft:lead":11,"minecraft:oak_stairs":1,"minecraft:enchanted_book":1,"supplementaries:candle_holder":2,"immersive_weathering:ash_layer_block":1,"iceandfire:manuscript":9,"minecraft:string":9,"minecraft:raw_copper":335,"minecraft:zombie_head":3,"minecraft:shroomlight":4,"minecraft:activator_rail":3,"alexsmobs:emu_feather":6,"minecraft:gold_nugget":945,"minecraft:cobbled_deepslate":122,"minecraft:melon_slice":15,"alexsmobs:leafcutter_ant_chamber":19,"minecraft:iron_boots":1,"projectvibrantjourneys:crimson_nettle":1,"minecraft:furnace":5,"minecraft:stick":101,"iceandfire:ghost_chest":4,"minecraft:torch":89,"minecraft:acacia_log":51,"iceandfire:silver_ore":4,"magistuarmory:steel_claymore":1,"luminousworld:savannah_soil":40,"minecraft:diorite":2,"minecraft:orange_bed":1,"luminousworld:grassflowers":10,"minecraft:rotten_flesh":89,"luminousworld:yellow_grassflowers":7,"iceandfire:fire_dragon_heart":1,"farmersdelight:rope":11,"supplementaries:ash":32,"minecraft:obsidian":15,"minecraft:snowball":128,"vinery:apple_log":5,"minecraft:cobblestone":486,"luminousworld:savannah_ground":49,"minecraft:feather":12,"farmersdelight:rice":18,"minecraft:andesite":3,"minecraft:acacia_leaves":29,"minecraft:copper_block":13,"minecraft:potato":1,"minecraft:flint":1,"minecraft:tuff":1,"luminousworld:purple_petunias":3,"supplementaries:flax_seeds":9,"projectvibrantjourneys:oak_hollow_log":1,"projectvibrantjourneys:rocks":1,"minecraft:map":1,"minecraft:lapis_lazuli":321,"minecraft:dirt":347,"iceandfire:dragonscales_bronze":5,"minecraft:lantern":2,"minecraft:name_tag":3,"minecraft:glass":6,"minecraft:bone":54,"minecraft:acacia_planks":15,"immersive_weathering:weeds":1,"minecraft:bow":1,"minecraft:wheat_seeds":221,"minecraft:raw_gold":102,"luminousworld:elephant_grass":29,"luminousworld:baobab_fence_gate":1,"minecraft:glowstone_dust":114,"minecraft:powered_rail":3,"minecraft:oak_planks":24,"butchersdelight:skullcow":14,"butchersdelight:cow_hide":15,"iceandfire:dragon_skull_fire":1,"minecraft:sand":206,"minecraft:acacia_stairs":4,"alexsmobs:animal_dictionary":1,"minecraft:mossy_cobblestone":4,"undead_revamp2:heavytooth":1,"minecraft:diamond":37,"immersive_weathering:acacia_leaf_pile":1,"minecraft:crossbow":3,"minecraft:grass":5,"minecraft:bone_meal":1,"minecraft:golden_apple":1,"minecraft:bread":8,"minecraft:emerald":18,"butchersdelight:hook":1,"minecraft:oak_sapling":229,"luminousworld:bao_bob_log":21,"minecraft:netherrack":154,"minecraft:dark_oak_fence":1,"minecraft:oak_leaves":482,"minecraft:crimson_roots":3,"iceandfire:dragon_skull_lightning":6,"luminousworld:groundpebbles_1":5,"minecraft:coarse_dirt":1,"minecraft:crafting_table":3,"minecraft:allium":2,"minecraft:azure_bluet":1,"minecraft:chicken":4,"iceandfire:witherbone":1,"born_in_chaos_v1:river_mint":8,"minecraft:brown_mushroom":1,"minecraft:gold_block":2,"minecraft:chain":5,"minecraft:moss_carpet":2,"minecraft:acacia_door":1,"projectvibrantjourneys:glowcap":1,"minecraft:compass":2,"minecraft:blackstone":13,"butchersdelight:dead_cow":14,"iceandfire:graveyard_soil":12,"minecraft:detector_rail":1,"vinery:apple_tree_sapling":4,"minecraft:beef":56,"minecraft:iron_nugget":17,"projectvibrantjourneys:short_grass":2,"supplementaries:rope":26,"minecraft:egg":1,"minecraft:raw_iron":277,"iceandfire:dragonbone":43,"minecraft:oak_door":1,"immersive_weathering:acacia_bark":1,"minecraft:copper_ingot":1,"minecraft:fire_charge":1,"farmersdelight:tomato_seeds":13,"spelunkers_charm:cave_mushroom":1,"luminousworld:beastiary":1,"minecraft:carrot":4,"minecraft:redstone":104,"alexsmobs:leafcutter_ant_pupa":2,"luminousworld:baobab_plank":18,"luminousworld:white_oak_sapling":1,"minecraft:weeping_vines":3,"iceandfire:silver_ingot":9,"minecraft:arrow":9,"butchersdelight:deadsheep":8,"minecraft:beetroot_seeds":4,"quark:acacia_chest":5,"minecraft:shears":3,"minecraft:hay_block":14,"minecraft:gold_ingot":1,"iceandfire:deepslate_silver_ore":10,"firstaid:bandage":2,"minecraft:glow_berries":12,"minecraft:mutton":1,"minecraft:white_wool":11,"minecraft:skeleton_skull":3,"minecraft:rail":10,"minecraft:oxeye_daisy":3,"born_in_chaos_v1:fused_bone":11,"minecraft:basalt":45,"minecraft:glow_ink_sac":2,"luminousworld:ishstone":1,"minecraft:leather":15,"alexsmobs:acacia_blossom":5,"iceandfire:myrmex_desert_resin_glass":1,"minecraft:acacia_wood":1,"spelunkers_charm:old_miners_bundle":3,"minecraft:oak_log":1580,"luminousworld:baobabfence":3,"iceandfire:ectoplasm":4,"minecraft:gunpowder":6,"minecraft:nether_wart_block":4,"iceandfire:armor_copper_metal_helmet":2,"minecraft:cobblestone_stairs":5,"butchersdelight:deadchiken":5,"minecraft:apple":73,"minecraft:stone_bricks":2,"iceandfire:pixie_jar_empty":1,"minecraft:kelp":11,"minecraft:iron_ingot":45,"minecraft:cobweb":5,"minecraft:tall_grass":2,"luminousworld:white_petunias":8,"iceandfire:fire_dragon_flesh":3,"minecraft:acacia_sapling":35,"minecraft:book":3,"minecraft:oak_slab":41,"minecraft:stone_brick_slab":6,"iceandfire:ash":5,"minecraft:quartz":45,"minecraft:dandelion":3,"luminousworld:sunset_petunias":1,"minecraft:gravel":3,"projectvibrantjourneys:bones":6,"minecraft:amethyst_shard":36,"quark:oak_chest":1,"minecraft:slime_ball":2,"iceandfire:silver_sword":1,"minecraft:iron_helmet":3,"minecraft:gray_wool":5,"projectvibrantjourneys:orange_bark_mushroom":1,"minecraft:acacia_slab":13,"spelunkers_charm:rock":8,"iceandfire:chared_gravel":16,"minecraft:coal":202},"minecraft:dropped":{"minecraft:brown_mushroom":1,"minecraft:lapis_lazuli":121,"minecraft:oak_log":1856,"minecraft:glow_ink_sac":2,"minecraft:crafting_table":1,"minecraft:crossbow":3,"iceandfire:graveyard_soil":1,"minecraft:gold_block":1,"minecraft:crimson_roots":2,"iceandfire:chared_gravel":11,"minecraft:chain":5,"alexsmobs:emu_feather":2,"minecraft:bone_meal":1,"minecraft:white_wool":8,"butchersdelight:cow_hide":1,"minecraft:oak_door":1,"minecraft:gravel":1,"minecraft:spyglass":1,"minecraft:wheat":62,"butchersdelight:deadsheep":4,"minecraft:rotten_flesh":57,"minecraft:oak_planks":3,"minecraft:azure_bluet":1,"supplementaries:flax_seeds":4,"supplementaries:ash":24,"luminousworld:grassflowers":10,"minecraft:gunpowder":5,"minecraft:skeleton_skull":2,"minecraft:beetroot_seeds":2,"spelunkers_charm:rock":6,"minecraft:acacia_sapling":18,"minecraft:arrow":1,"minecraft:oak_leaves":79,"luminousworld:beastiary":1,"minecraft:oak_slab":2,"luminousworld:sunset_petunias":1,"magistuarmory:steel_claymore":1,"minecraft:wheat_seeds":237,"luminousworld:ishstone":1,"minecraft:mossy_cobblestone":2,"minecraft:iron_helmet":1,"minecraft:feather":10,"immersive_weathering:ash_layer_block":1,"minecraft:copper_ingot":1,"minecraft:acacia_log":2,"minecraft:stick":8,"minecraft:oxeye_daisy":2,"minecraft:cobweb":5,"minecraft:gray_wool":3,"born_in_chaos_v1:river_mint":3,"luminousworld:savannah_ground":1,"born_in_chaos_v1:fused_bone":4,"minecraft:zombie_head":1,"minecraft:oak_stairs":1,"iceandfire:deepslate_silver_ore":2,"minecraft:string":2,"minecraft:acacia_planks":2,"minecraft:dandelion":3,"minecraft:stone_brick_slab":5,"butchersdelight:deadchiken":2,"minecraft:furnace":1,"immersive_weathering:acacia_bark":1,"alexsmobs:acacia_blossom":4,"minecraft:raw_iron":35,"minecraft:tall_grass":1,"minecraft:chicken":2,"iceandfire:silver_ore":1,"minecraft:shears":1,"minecraft:acacia_leaves":1,"luminousworld:yellow_grassflowers":7,"iceandfire:myrmex_desert_resin_glass":1,"minecraft:hay_block":7,"undead_revamp2:heavytooth":1,"luminousworld:groundpebbles_1":4,"minecraft:andesite":3,"iceandfire:silver_ingot":1,"minecraft:oak_sapling":122,"minecraft:spider_eye":1,"minecraft:stone_bricks":1,"luminousworld:elephant_grass":22,"minecraft:bow":1,"luminousworld:purple_petunias":3},"minecraft:mined":{"iceandfire:graveyard_soil":10,"luminousworld:yellowpetunias":1,"supplementaries:candle_holder":2,"minecraft:cobblestone_stairs":5,"alexsmobs:leafcutter_anthill":1,"minecraft:obsidian":17,"minecraft:acacia_log":48,"minecraft:grass_block":182,"luminousworld:baobab_plank":17,"vinery:apple_log":5,"luminousworld:savanna_grass_2":56,"minecraft:weeping_vines_plant":1,"minecraft:tall_seagrass":1,"minecraft:glowstone":35,"minecraft:iron_ore":126,"immersive_weathering:mossy_stone":1,"minecraft:fire":26,"minecraft:cobbled_deepslate":1,"minecraft:deepslate_lapis_ore":17,"iceandfire:gold_pile":75,"projectvibrantjourneys:glowcap":1,"minecraft:orange_bed":1,"minecraft:deepslate_redstone_ore":23,"minecraft:blackstone":13,"luminousworld:tall_deadbush":1,"minecraft:kelp_plant":2,"luminousworld:purple_petunias":1,"minecraft:crimson_nylium":7,"minecraft:amethyst_cluster":5,"iceandfire:myrmex_desert_resin_glass":1,"minecraft:torch":21,"projectvibrantjourneys:twigs":3,"minecraft:melon":3,"iceandfire:ghost_chest":4,"projectvibrantjourneys:natural_cobweb":1,"spelunkers_charm:rock_pile_2":1,"minecraft:cobblestone":15,"minecraft:nether_quartz_ore":52,"minecraft:oak_planks":20,"projectvibrantjourneys:fallen_leaves":9,"minecraft:wall_torch":11,"minecraft:deepslate_copper_ore":9,"minecraft:seagrass":1,"farmersdelight:sandy_shrub":1,"minecraft:nether_wart_block":5,"born_in_chaos_v1:river_mint":1,"luminousworld:bao_bob_log":21,"projectvibrantjourneys:crimson_nettle":1,"minecraft:grass":161,"butchersdelight:hook":1,"minecraft:oak_log":222,"projectvibrantjourneys:short_grass":147,"spelunkers_charm:cave_mushroom_plant":1,"luminousworld:baobab_fence_gate":1,"minecraft:sand":206,"minecraft:dirt":117,"luminousworld:grassvariant_3":20,"immersive_weathering:weeds":1,"minecraft:oak_leaves":372,"minecraft:netherrack":151,"luminousworld:savannah_grass_4":40,"minecraft:deepslate":123,"luminousworld:savannah_ground":49,"minecraft:diamond_ore":6,"minecraft:nether_gold_ore":3,"minecraft:tuff":2,"iceandfire:silver_ore":3,"minecraft:deepslate_diamond_ore":33,"farmersdelight:wild_carrots":4,"projectvibrantjourneys:rocks":6,"minecraft:dark_oak_fence":1,"minecraft:crimson_roots":3,"alexsmobs:leafcutter_ant_chamber":21,"iceandfire:deepslate_silver_ore":8,"luminousworld:grassvariant_2":36,"quark:acacia_chest":5,"minecraft:acacia_slab":12,"minecraft:sandstone":1,"minecraft:hay_block":7,"minecraft:furnace":4,"luminousworld:yellow_grassflowers":5,"minecraft:snow":131,"minecraft:acacia_wood":1,"minecraft:andesite":5,"minecraft:acacia_stairs":4,"minecraft:gold_block":1,"projectvibrantjourneys:beach_grass":2,"minecraft:bookshelf":1,"minecraft:shroomlight":4,"minecraft:deepslate_iron_ore":97,"minecraft:vine":3,"minecraft:stone":484,"iceandfire:pixie_jar_empty":1,"minecraft:smithing_table":2,"luminousworld:savannah_soil":40,"minecraft:oak_slab":37,"minecraft:acacia_leaves":30,"quark:oak_chest":1,"minecraft:dandelion":1,"minecraft:basalt":64,"minecraft:crafting_table":3,"luminousworld:savannah_grass_1":27,"minecraft:emerald_ore":2,"spelunkers_charm:dead_grass":4,"luminousworld:grassflowers":4,"minecraft:copper_ore":47,"minecraft:tall_grass":5,"minecraft:lapis_ore":2,"minecraft:deepslate_gold_ore":78,"luminousworld:baobabfence":3,"butchersdelight:deadchickenblock":2,"minecraft:diorite":5,"supplementaries:urn":19,"minecraft:coarse_dirt":5,"minecraft:coal_ore":211,"luminousworld:ishstone":2,"minecraft:acacia_door":1,"minecraft:gravel":3,"minecraft:cobweb":6,"minecraft:acacia_planks":13,"luminousworld:elephant_grass":16,"projectvibrantjourneys:oak_hollow_log":1,"luminousworld:white_petunias":7},"minecraft:killed_by":{"mowziesmobs:naga":2,"undead_revamp2:sucker":1,"undead_revamp2:the_moonflower":9,"minecraft:wither_skeleton":1,"born_in_chaos_v1:glutton_fish":1,"minecraft:pillager":2,"alexsmobs:straddler":2,"born_in_chaos_v1:corpse_fly":1,"minecraft:vindicator":1,"minecraft:piglin":1,"minecraft:blaze":3,"born_in_chaos_v1:siamese_skeletons":1,"minecraft:zombie":17,"born_in_chaos_v1:scarlet_persecutor":4,"undead_revamp2:thesmoker":1,"undead_revamp2:thepregnant":3,"iceandfire:fire_dragon":21,"quark:foxhound":1,"born_in_chaos_v1:baby_skeleton_minion":1,"born_in_chaos_v1:bloody_gadfly":2,"minecraft:spider":3,"born_in_chaos_v1:firelight":1,"born_in_chaos_v1:fallen_chaos_knight":1,"undead_revamp2:thespitter":2,"undead_revamp2:thehorrors":3,"undead_revamp2:thehunter":2,"undead_revamp2:therod":1,"alexsmobs:centipede_head":5,"minecraft:skeleton":11,"alexsmobs:crimson_mosquito":8,"iceandfire:ghost":4,"luminousworld:savannah_zombie":1,"born_in_chaos_v1:door_knight":1,"born_in_chaos_v1:dread_hound":1,"luminousworld:savannah_skeleton":4}},"DataVersion":3120}