{"stats":{"minecraft:broken":{"minecraft:shears":1,"minecraft:iron_boots":1,"minecraft:iron_chestplate":1,"minecraft:iron_leggings":1,"minecraft:iron_sword":1,"minecraft:stone_sword":1,"minecraft:shield":4,"minecraft:iron_axe":2,"minecraft:iron_pickaxe":1,"minecraft:iron_helmet":1,"minecraft:stone_axe":2},"minecraft:crafted":{"minecraft:smooth_stone":9,"sophisticatedbackpacks:crafting_upgrade":1,"minecraft:cooked_mutton":13,"butchersdelight:rack":4,"decorative_blocks:chain":4,"iceandfire:armor_red_chestplate":1,"minecraft:copper_ingot":11,"minecraft:campfire":1,"quark:torch_arrow":39,"quark:oak_chest":3,"minecraft:iron_pickaxe":2,"minecraft:stone_shovel":1,"minecraft:iron_nugget":18,"iceandfire:dragon_flute":3,"minecraft:bone_meal":132,"butchersdelight:roaster":1,"minecraft:stone_pickaxe":1,"minecraft:spruce_boat":1,"minecraft:dark_oak_planks":40,"minecraft:lead":2,"minecraft:crossbow":1,"iceandfire:armor_red_helmet":1,"minecraft:golden_apple":8,"minecraft:iron_shovel":1,"minecraft:iron_leggings":1,"minecraft:white_bed":1,"minecraft:oak_planks":276,"minecraft:stone":9,"minecraft:stone_brick_slab":6,"minecraft:bow":1,"minecraft:iron_boots":1,"vinery:stackable_log":2,"magistuarmory:pole":2,"minecraft:oak_slab":82,"magistuarmory:diamond_shortsword":2,"sophisticatedbackpacks:backpack":1,"minecraft:crafting_table":34,"iceandfire:blindfold":1,"minecraft:spruce_planks":12,"minecraft:wooden_pickaxe":1,"minecraft:iron_helmet":1,"butchersdelight:cleaver":1,"sophisticatedbackpacks:upgrade_base":1,"minecraft:spruce_trapdoor":2,"minecraft:iron_chestplate":1,"minecraft:paper":27,"minecraft:diamond_pickaxe":1,"minecraft:shield":5,"minecraft:stick":216,"minecraft:iron_ingot":87,"minecraft:stone_sword":1,"decorative_blocks:oak_support":3,"magistuarmory:leather_strip":6,"minecraft:shears":4,"minecraft:tripwire_hook":1,"iceandfire:dragon_stick":1,"minecraft:furnace":3,"minecraft:blast_furnace":1,"firstaid:plaster":6,"magistuarmory:hilt":6,"minecraft:leather":3,"minecraft:iron_axe":4,"magistuarmory:steel_ingot":5,"iceandfire:armor_red_leggings":1,"iceandfire:armor_red_boots":1,"handcrafted:stackable_book":3,"minecraft:cooked_beef":8,"iceandfire:silver_ingot":2,"butchersdelight:hook":1,"iceandfire:tide_trident":1,"minecraft:iron_sword":2,"minecraft:bucket":2,"minecraft:stone_axe":2,"magistuarmory:diamond_guisarme":1,"minecraft:air":0,"minecraft:oak_boat":1,"magistuarmory:heavy_crossbow":1,"minecraft:acacia_planks":112,"minecraft:torch":366,"luminousworld:baobab_plank":164,"minecraft:diamond_chestplate":1},"minecraft:used":{"alexsmobs:emu_egg":1,"iceandfire:lectern":1,"minecraft:rotten_flesh":4,"handcrafted:stackable_book":7,"minecraft:snowball":2,"minecraft:spruce_boat":2,"minecraft:packed_ice":2,"minecraft:lava_bucket":1,"minecraft:bow":8,"minecraft:furnace":3,"minecraft:oak_sapling":9,"minecraft:blackstone":10,"minecraft:wooden_pickaxe":16,"iceandfire:dread_stone_bricks":10,"minecraft:oak_leaves":394,"butchersdelight:skullcow":3,"minecraft:golden_apple":9,"luminousworld:baobab_plank":65,"minecraft:blast_furnace":1,"minecraft:acacia_leaves":27,"minecraft:pumpkin_seeds":8,"minecraft:oak_boat":1,"minecraft:stone_sword":135,"luminousworld:bao_bob_log":1,"vinery:jungle_grapes_red":3,"minecraft:stick":1,"minecraft:torch":279,"iceandfire:frost_lily":1,"decorative_blocks:oak_support":2,"minecraft:iron_axe":432,"minecraft:melon_seeds":1,"magistuarmory:heavy_crossbow":15,"minecraft:cobbled_deepslate":82,"minecraft:wheat_seeds":24,"minecraft:cracked_stone_bricks":1,"born_in_chaos_v1:black_argillite_brick_stairs":4,"born_in_chaos_v1:black_argillite_stairs":2,"minecraft:oak_slab":37,"minecraft:crafting_table":23,"minecraft:white_bed":7,"minecraft:campfire":1,"minecraft:oak_log":6,"minecraft:diamond_pickaxe":471,"decorative_blocks:chain":3,"minecraft:iron_pickaxe":286,"quark:dark_oak_chest":3,"minecraft:cobblestone":36,"minecraft:potion":2,"vinery:cherry":5,"quark:oak_chest":4,"iceandfire:dread_stone_bricks_cracked":7,"iceandfire:tide_trident":9,"minecraft:moss_carpet":1,"minecraft:iron_shovel":13,"minecraft:shield":292,"butchersdelight:hook":3,"minecraft:iron_sword":391,"minecraft:mutton":9,"minecraft:carrot":3,"vinery:jungle_grape_seeds_red":4,"minecraft:iron_helmet":1,"magistuarmory:diamond_guisarme":361,"vinery:stackable_log":2,"minecraft:stone_bricks":5,"minecraft:magma_block":2,"minecraft:stone_pickaxe":88,"minecraft:oak_planks":105,"minecraft:sugar_cane":7,"magistuarmory:diamond_shortsword":152,"minecraft:crossbow":61,"minecraft:shears":838,"minecraft:bread":5,"minecraft:gravel":60,"minecraft:bone_meal":41,"minecraft:cobweb":3,"mowziesmobs:umvuthana_mask_misery":1,"minecraft:stone_shovel":126,"minecraft:dirt":42,"farmersdelight:rope":7,"minecraft:stone_brick_slab":5,"minecraft:dark_oak_planks":15,"minecraft:light_gray_wool":2,"minecraft:cooked_beef":5,"projectvibrantjourneys:oak_hollow_log":1,"minecraft:pumpkin":4,"minecraft:cooked_mutton":2,"minecraft:glass_bottle":2,"luminousworld:white_petunias":1,"quark:acacia_chest":3,"iceandfire:dread_stone_bricks_mossy":5,"minecraft:apple":3,"minecraft:stone_axe":113,"minecraft:bucket":2,"alexsmobs:animal_dictionary":1,"butchersdelight:rack":11},"minecraft:killed":{"alexsmobs:lobster":1,"born_in_chaos_v1:restless_spirit":1,"born_in_chaos_v1:zombie_lumberjack":1,"iceandfire:gorgon":1,"undead_revamp2:theswarmer":2,"minecraft:skeleton":10,"iceandfire:dread_scuttler":9,"undead_revamp2:thespitter":1,"alexsmobs:seal":2,"luminousworld:crab":2,"minecraft:pillager":23,"minecraft:zombie":32,"born_in_chaos_v1:corpse_fly":1,"alexsmobs:maned_wolf":1,"iceandfire:dread_ghoul":10,"born_in_chaos_v1:door_knight":1,"iceandfire:sea_serpent":1,"undead_revamp2:thehunter":1,"alexsmobs:raccoon":2,"minecraft:vindicator":2,"alexsmobs:seagull":1,"iceandfire:dread_beast":14,"born_in_chaos_v1:thornshell_crab":1,"undead_revamp2:bomber":1,"iceandfire:siren":2,"undead_revamp2:thebidy":1,"undead_revamp2:the_moonflower":15,"born_in_chaos_v1:decrepit_skeleton":4,"born_in_chaos_v1:bloody_gadfly":1,"iceandfire:ghost":5,"minecraft:witch":1,"minecraft:spider":16,"undead_revamp2:thesmoker":2,"born_in_chaos_v1:scarlet_persecutor":3,"minecraft:bee":1,"undead_revamp2:therod":5,"alexsmobs:kangaroo":4,"born_in_chaos_v1:diamond_termite":2,"minecraft:creeper":7,"minecraft:sheep":9,"undead_revamp2:theordure":1,"luminousworld:savannah_skeleton":6,"alexsmobs:fly":1,"mowziesmobs:umvuthana_raptor":1,"luminousworld:deer":1,"born_in_chaos_v1:maggot":5,"iceandfire:dread_thrall":15,"iceandfire:fire_dragon":1,"undead_revamp2:sucker":1,"luminousworld:savannah_zombie":8,"mowziesmobs:umvuthana":1,"born_in_chaos_v1:fallen_chaos_knight":1,"born_in_chaos_v1:baby_skeleton":2,"quark:foxhound":1,"mowziesmobs:umvuthana_follower_raptor":2,"alexsmobs:emu":1,"alexsmobs:gazelle":4},"minecraft:custom":{"minecraft:interact_with_crafting_table":151,"minecraft:open_barrel":44,"minecraft:leave_game":23,"minecraft:time_since_death":8507,"minecraft:damage_blocked_by_shield":9480,"minecraft:play_time":633199,"minecraft:deaths":151,"minecraft:jump":12636,"minecraft:interact_with_furnace":62,"minecraft:sleep_in_bed":15,"minecraft:damage_dealt":62934,"minecraft:use_cauldron":1,"minecraft:horse_one_cm":3719,"minecraft:sneak_time":52196,"minecraft:interact_with_blast_furnace":7,"minecraft:total_world_time":633199,"minecraft:time_since_rest":8549,"minecraft:swim_one_cm":54093,"minecraft:fly_one_cm":2417040,"minecraft:open_chest":483,"minecraft:fall_one_cm":342567,"minecraft:animals_bred":12,"minecraft:damage_resisted":116,"minecraft:sprint_one_cm":1402425,"minecraft:drop":237,"minecraft:talked_to_villager":1,"minecraft:walk_on_water_one_cm":41635,"minecraft:crouch_one_cm":118935,"minecraft:mob_kills":274,"minecraft:interact_with_campfire":1,"minecraft:damage_dealt_resisted":1668,"minecraft:climb_one_cm":7373,"minecraft:walk_one_cm":1107096,"minecraft:walk_under_water_one_cm":17305,"minecraft:boat_one_cm":44691,"minecraft:damage_taken":29148,"minecraft:trigger_trapped_chest":2},"minecraft:picked_up":{"iceandfire:dread_stone_bricks":16,"iceandfire:copper_sword":1,"minecraft:lead":2,"minecraft:oak_stairs":1,"minecraft:enchanted_book":1,"minecraft:wither_rose":2,"minecraft:brewing_stand":2,"iceandfire:manuscript":42,"minecraft:string":92,"alexsmobs:emu_feather":2,"minecraft:gold_nugget":537,"minecraft:cobbled_deepslate":100,"minecraft:spruce_planks":1,"minecraft:melon_slice":89,"minecraft:acacia_log":28,"iceandfire:silver_ore":2,"iceandfire:dread_torch":2,"born_in_chaos_v1:black_argillite_brick_stairs":4,"luminousworld:grassflowers":1,"iceandfire:fire_dragon_heart":1,"farmersdelight:rope":7,"projectvibrantjourneys:cattail":3,"supplementaries:ash":34,"minecraft:snowball":41,"minecraft:magma_block":5,"minecraft:feather":4,"minecraft:cooked_beef":8,"minecraft:acacia_leaves":67,"minecraft:flint":2,"alexsmobs:cooked_kangaroo_meat":1,"minecraft:lantern":2,"luminousworld:elephant_grass":1,"minecraft:stripped_acacia_wood":2,"butchersdelight:skullcow":6,"iceandfire:dragon_skull_fire":1,"alexsmobs:kangaroo_hide":4,"iceandfire:lectern":4,"luminousworld:yellowpetunias":1,"minecraft:lever":1,"minecraft:granite":1,"minecraft:bread":9,"minecraft:dark_oak_fence":1,"luminousworld:groundpebbles_1":6,"minecraft:crafting_table":11,"born_in_chaos_v1:smoked_monster_flesh":1,"minecraft:clay_ball":64,"quark:dark_oak_chest":6,"minecraft:flint_and_steel":1,"minecraft:compass":1,"born_in_chaos_v1:black_argillite_brick":2,"butchersdelight:dead_cow":7,"iceandfire:graveyard_soil":1,"minecraft:cracked_stone_bricks":2,"minecraft:beef":20,"iceandfire:dread_shard":7,"vinery:cherry":5,"minecraft:iron_nugget":24,"projectvibrantjourneys:short_grass":3,"minecraft:chest":1,"luminousworld:blue_petunias":1,"immersive_weathering:acacia_bark":2,"sophisticatedbackpacks:backpack":1,"minecraft:redstone":43,"minecraft:stone_shovel":2,"butchersdelight:deadsheep":9,"quark:acacia_chest":3,"minecraft:shears":1,"minecraft:gold_ingot":38,"minecraft:mutton":29,"minecraft:white_wool":2,"alexsmobs:kangaroo_meat":6,"minecraft:bone_block":20,"minecraft:oxeye_daisy":1,"iceandfire:sea_serpent_fang":5,"projectvibrantjourneys:icicle":1,"luminousworld:ishstone":13,"alexsmobs:acacia_blossom":6,"iceandfire:myrmex_desert_resin_glass":3,"minecraft:oak_log":77,"minecraft:lily_pad":1,"minecraft:white_banner":1,"butchersdelight:deadchiken":10,"mowziesmobs:umvuthana_mask_rage":2,"minecraft:apple":46,"minecraft:stone_bricks":8,"iceandfire:pixie_jar_empty":1,"minecraft:cobweb":11,"minecraft:glass_bottle":1,"iceandfire:copper_nugget":100,"born_in_chaos_v1:ethereal_spirit":9,"minecraft:gravel":62,"iceandfire:dragon_flute":1,"projectvibrantjourneys:twigs":1,"minecraft:melon_seeds":5,"minecraft:stripped_dark_oak_log":10,"minecraft:wheat":82,"minecraft:stone_brick_stairs":4,"alexsmobs:gazelle_horn":2,"minecraft:raw_copper":27,"vinery:savanna_grapes_red":4,"iceandfire:frost_lily":2,"iceandfire:dragonscales_red":24,"minecraft:iron_boots":2,"minecraft:furnace":1,"minecraft:stick":45,"iceandfire:ghost_chest":1,"minecraft:torch":61,"luminousworld:savannah_soil":11,"minecraft:diorite":10,"minecraft:goat_horn":2,"projectvibrantjourneys:seashells":1,"minecraft:rotten_flesh":84,"decorative_blocks:chain":3,"minecraft:music_disc_ward":1,"alexsmobs:emu_egg":7,"undead_revamp2:arapholia":1,"minecraft:cobblestone":104,"luminousworld:savannah_ground":1,"minecraft:andesite":2,"minecraft:tuff":15,"supplementaries:flax_seeds":3,"projectvibrantjourneys:oak_hollow_log":9,"minecraft:dirt":53,"minecraft:lapis_lazuli":79,"born_in_chaos_v1:black_argillite_stairs":2,"minecraft:name_tag":7,"minecraft:bone":84,"minecraft:orange_tulip":2,"minecraft:wheat_seeds":270,"minecraft:raw_gold":44,"minecraft:bell":1,"minecraft:mossy_stone_bricks":4,"minecraft:oak_planks":47,"butchersdelight:cow_hide":7,"minecraft:mossy_cobblestone":3,"handcrafted:stackable_book":4,"vinery:jungle_grapes_red":19,"minecraft:diamond":39,"minecraft:spruce_boat":1,"immersive_weathering:acacia_leaf_pile":1,"iceandfire:dread_stone_bricks_mossy":6,"minecraft:crossbow":3,"minecraft:grass":3,"minecraft:bone_meal":31,"iceandfire:tide_trident":1,"minecraft:golden_apple":1,"luminousworld:bao_bob_log":35,"minecraft:emerald":23,"minecraft:oak_sapling":26,"butchersdelight:hook":2,"minecraft:netherrack":11,"minecraft:oak_leaves":772,"minecraft:chicken":1,"born_in_chaos_v1:river_mint":1,"minecraft:brown_mushroom":8,"spelunkers_charm:deepslate_rock":26,"luminousworld:bao_bob_wood":7,"minecraft:moss_carpet":10,"minecraft:iron_axe":2,"projectvibrantjourneys:reeds":1,"minecraft:blackstone":10,"minecraft:candle":32,"minecraft:sugar_cane":38,"iceandfire:podium_acacia":3,"minecraft:spruce_trapdoor":2,"minecraft:raw_iron":76,"iceandfire:dragonbone":26,"minecraft:copper_ingot":1,"iceandfire:chared_grass":1,"minecraft:iron_horse_armor":1,"luminousworld:baobab_plank":7,"iceandfire:sea_serpent_scales_purple":2,"iceandfire:silver_ingot":2,"minecraft:arrow":3,"iceandfire:deepslate_silver_ore":2,"minecraft:skeleton_skull":9,"vinery:jungle_grape_seeds_red":4,"minecraft:leather":5,"minecraft:mushroom_stew":2,"iceandfire:ectoplasm":6,"iceandfire:dread_stone_bricks_cracked":8,"minecraft:gunpowder":30,"butchersdelight:rack":7,"minecraft:cooked_mutton":11,"minecraft:rabbit_hide":5,"minecraft:iron_ingot":41,"luminousworld:white_petunias":1,"iceandfire:fire_dragon_flesh":5,"mowziesmobs:umvuthana_mask_misery":1,"minecraft:acacia_sapling":11,"minecraft:book":3,"minecraft:oak_slab":19,"minecraft:pumpkin":29,"minecraft:stone_brick_slab":5,"minecraft:dandelion":2,"projectvibrantjourneys:bones":8,"minecraft:amethyst_shard":4,"minecraft:white_bed":6,"quark:oak_chest":1,"minecraft:spider_eye":3,"butchersdelight:sheephide":13,"spelunkers_charm:rock":3,"minecraft:coal":130},"minecraft:dropped":{"minecraft:cooked_beef":2,"minecraft:glass_bottle":2,"minecraft:crafting_table":1,"alexsmobs:kangaroo_meat":6,"minecraft:orange_tulip":2,"minecraft:crossbow":3,"iceandfire:ectoplasm":2,"minecraft:emerald":1,"minecraft:dirt":8,"minecraft:grass":6,"decorative_blocks:oak_support":1,"minecraft:gold_nugget":9,"alexsmobs:emu_feather":1,"minecraft:bone_meal":2,"minecraft:dark_oak_planks":21,"projectvibrantjourneys:reeds":1,"butchersdelight:cow_hide":1,"minecraft:compass":1,"minecraft:goat_horn":1,"mowziesmobs:umvuthana_mask_rage":2,"minecraft:lever":1,"alexsmobs:gazelle_horn":1,"minecraft:iron_nugget":8,"alexsmobs:animal_dictionary":1,"projectvibrantjourneys:twigs":1,"minecraft:wheat":11,"undead_revamp2:arapholia":1,"minecraft:rotten_flesh":56,"minecraft:oak_planks":6,"alexsmobs:emu_egg":3,"supplementaries:flax_seeds":1,"luminousworld:grassflowers":1,"iceandfire:ghost_chest":1,"luminousworld:baobab_plank":2,"minecraft:acacia_sapling":16,"projectvibrantjourneys:cattail":3,"minecraft:stone_brick_stairs":3,"iceandfire:manuscript":18,"minecraft:iron_ingot":1,"minecraft:wheat_seeds":137,"luminousworld:ishstone":13,"minecraft:cobblestone":7,"minecraft:book":1,"minecraft:granite":1,"minecraft:mushroom_stew":2,"minecraft:oxeye_daisy":1,"vinery:savanna_grapes_red":2,"projectvibrantjourneys:seashells":1,"minecraft:oak_stairs":1,"minecraft:pumpkin":7,"minecraft:string":10,"minecraft:acacia_planks":2,"minecraft:stone_brick_slab":6,"minecraft:moss_carpet":9,"alexsmobs:acacia_blossom":6,"minecraft:stone_shovel":2,"minecraft:shears":1,"minecraft:pumpkin_seeds":4,"alexsmobs:cooked_kangaroo_meat":1,"minecraft:spruce_trapdoor":4,"minecraft:spruce_planks":1,"iceandfire:silver_ingot":1,"iceandfire:lectern":1,"minecraft:spider_eye":3,"luminousworld:elephant_grass":1,"luminousworld:blue_petunias":1,"immersive_weathering:acacia_leaf_pile":1,"minecraft:brown_mushroom":8,"luminousworld:yellowpetunias":1,"iceandfire:podium_acacia":1,"minecraft:leather":1,"projectvibrantjourneys:bones":1,"iceandfire:tide_trident":1,"iceandfire:graveyard_soil":1,"minecraft:mutton":2,"minecraft:snowball":36,"minecraft:amethyst_shard":4,"minecraft:gravel":2,"projectvibrantjourneys:short_grass":3,"luminousworld:savannah_soil":1,"alexsmobs:kangaroo_hide":4,"minecraft:rabbit_hide":1,"supplementaries:ash":1,"minecraft:skeleton_skull":5,"minecraft:melon_seeds":4,"spelunkers_charm:rock":3,"iceandfire:frost_lily":1,"decorative_blocks:chain":4,"minecraft:oak_leaves":131,"minecraft:netherrack":1,"mowziesmobs:umvuthana_mask_fury":1,"minecraft:oak_slab":18,"minecraft:mossy_cobblestone":3,"minecraft:lead":2,"minecraft:copper_ingot":1,"spelunkers_charm:deepslate_rock":15,"iceandfire:dragon_flute":2,"minecraft:stick":18,"butchersdelight:skullcow":1,"born_in_chaos_v1:river_mint":1,"minecraft:diorite":10,"minecraft:brewing_stand":1,"minecraft:torch":24,"luminousworld:savannah_ground":1,"minecraft:melon_slice":5,"minecraft:wither_rose":2,"minecraft:iron_axe":1,"minecraft:dandelion":1,"butchersdelight:deadchiken":4,"immersive_weathering:acacia_bark":2,"butchersdelight:roaster":1,"minecraft:tuff":15,"minecraft:stripped_acacia_wood":2,"mowziesmobs:umvuthana_mask_misery":1,"luminousworld:groundpebbles_1":6,"minecraft:andesite":2,"minecraft:mossy_stone_bricks":4,"minecraft:oak_sapling":9,"minecraft:stone_pickaxe":1,"minecraft:wooden_pickaxe":1},"minecraft:mined":{"minecraft:white_bed":5,"iceandfire:dread_torch":2,"iceandfire:copper_pile":12,"minecraft:acacia_log":28,"minecraft:oxeye_daisy":1,"luminousworld:savanna_grass_2":26,"minecraft:chiseled_stone_bricks":1,"minecraft:magma_block":29,"minecraft:mossy_cobblestone_stairs":1,"minecraft:cobbled_deepslate":7,"minecraft:fire":9,"projectvibrantjourneys:bark_mushroom":2,"minecraft:pumpkin":22,"minecraft:deepslate_lapis_ore":8,"decorative_blocks:chain":3,"iceandfire:gold_pile":64,"minecraft:dirt_path":5,"minecraft:oak_stairs":1,"iceandfire:dread_stone_bricks_cracked":11,"butchersdelight:racksheep":5,"immersive_weathering:oak_leaf_pile":2,"vinery:jungle_grape_bush_red":1,"minecraft:brown_mushroom":1,"minecraft:amethyst_cluster":1,"iceandfire:podium_acacia":2,"born_in_chaos_v1:infected_deepslate_diamond_ore":1,"minecraft:torch":4,"projectvibrantjourneys:twigs":2,"minecraft:melon":12,"projectvibrantjourneys:fallen_leaves":2,"minecraft:sugar_cane":17,"minecraft:skeleton_skull":2,"projectvibrantjourneys:light_brown_bark_mushroom":1,"born_in_chaos_v1:black_argillite_brick":2,"minecraft:wither_rose":2,"minecraft:stone_brick_stairs":2,"minecraft:grass":113,"butchersdelight:hook":2,"projectvibrantjourneys:short_grass":104,"luminousworld:grassvariant_3":11,"born_in_chaos_v1:infernal_evil_pumpkin_s":1,"minecraft:deepslate":113,"luminousworld:savannah_ground":6,"iceandfire:silver_ore":2,"minecraft:mossy_cobblestone":4,"minecraft:dark_oak_log":1,"luminousworld:mossbuds_1":1,"projectvibrantjourneys:rocks":7,"minecraft:dark_oak_fence":2,"iceandfire:deepslate_silver_ore":2,"luminousworld:grassvariant_2":26,"minecraft:snow":8,"minecraft:andesite":2,"spelunkers_charm:deepslate_rock_pile_2":1,"projectvibrantjourneys:beach_grass":4,"minecraft:vine":8,"luminousworld:groundpebbles_2":3,"iceandfire:frost_lily":2,"butchersdelight:skullcow":1,"projectvibrantjourneys:seashells":1,"projectvibrantjourneys:icicle":3,"luminousworld:savannah_soil":20,"quark:oak_chest":1,"quark:dark_oak_chest":5,"minecraft:stone_brick_slab":2,"minecraft:dandelion":1,"projectvibrantjourneys:mossy_rocks":1,"luminousworld:grassflowers":1,"minecraft:tall_grass":22,"minecraft:copper_ore":8,"minecraft:deepslate_gold_ore":29,"farmersdelight:wild_tomatoes":1,"minecraft:diorite":7,"luminousworld:ishstone":14,"minecraft:gravel":62,"minecraft:cobweb":35,"minecraft:acacia_planks":1,"minecraft:stone_bricks":8,"luminousworld:elephant_grass":2,"projectvibrantjourneys:oak_hollow_log":9,"minecraft:fern":4,"luminousworld:white_petunias":1,"undead_revamp2:arapholia":1,"minecraft:spruce_planks":2,"iceandfire:graveyard_soil":2,"minecraft:oak_sapling":2,"luminousworld:yellowpetunias":2,"immersive_weathering:acacia_leaf_pile":1,"minecraft:cobblestone_stairs":1,"minecraft:brewing_stand":1,"minecraft:grass_block":14,"iceandfire:lectern":3,"iceandfire:dread_spawner":7,"luminousworld:baobab_plank":7,"minecraft:iron_ore":27,"born_in_chaos_v1:black_argillite_brick_stairs":4,"minecraft:azure_bluet":1,"minecraft:dark_oak_stairs":1,"supplementaries:stick":1,"minecraft:deepslate_redstone_ore":10,"minecraft:blackstone":11,"luminousworld:tall_deadbush":4,"handcrafted:stackable_book":3,"iceandfire:myrmex_desert_resin_glass":3,"minecraft:clay":15,"iceandfire:ghost_chest":3,"minecraft:chest":1,"projectvibrantjourneys:natural_cobweb":8,"minecraft:cobblestone":13,"minecraft:oak_planks":45,"minecraft:wall_torch":8,"spelunkers_charm:rock_pile_3":1,"projectvibrantjourneys:bones":4,"luminousworld:bao_bob_log":148,"iceandfire:dread_stone_bricks_mossy":6,"minecraft:oak_log":103,"minecraft:dirt":23,"immersive_weathering:weeds":2,"minecraft:netherrack":5,"luminousworld:savannah_grass_4":21,"minecraft:oak_leaves":833,"iceandfire:dread_stone_bricks":18,"minecraft:tuff":15,"minecraft:deepslate_diamond_ore":23,"luminousworld:grassvariant_4":6,"minecraft:candle":13,"luminousworld:blue_petunias":1,"born_in_chaos_v1:infected_diamond_ore":1,"minecraft:lever":1,"iceandfire:chared_dirt":2,"luminousworld:blackberrybush":1,"quark:acacia_chest":3,"iceandfire:chared_grass":2,"minecraft:large_fern":2,"minecraft:furnace":1,"minecraft:stripped_spruce_log":2,"minecraft:bell":1,"farmersdelight:rope":7,"minecraft:deepslate_iron_ore":48,"minecraft:lantern":3,"minecraft:stripped_oak_log":1,"minecraft:packed_ice":40,"minecraft:stone":91,"iceandfire:pixie_jar_empty":1,"minecraft:acacia_leaves":71,"minecraft:snow_block":19,"minecraft:stripped_dark_oak_log":10,"minecraft:crafting_table":10,"luminousworld:savannah_grass_1":19,"born_in_chaos_v1:black_argillite_stairs":2,"minecraft:lily_pad":1,"supplementaries:urn":18,"farmersdelight:wild_beetroots":1,"minecraft:birch_planks":2,"butchersdelight:deadcowblock":1,"spelunkers_charm:deepslate_rock_pile_3":1,"minecraft:coal_ore":92,"immersive_weathering:cracked_stone_brick_stairs":1,"minecraft:cracked_stone_bricks":2,"minecraft:stripped_acacia_wood":1,"minecraft:mossy_stone_bricks":3,"butchersdelight:rackcow":2},"minecraft:killed_by":{"undead_revamp2:the_moonflower":10,"minecraft:pillager":6,"minecraft:vindicator":4,"mowziesmobs:umvuthana":3,"alexsmobs:rhinoceros":1,"minecraft:zombie":8,"born_in_chaos_v1:scarlet_persecutor":5,"undead_revamp2:thepregnant":3,"born_in_chaos_v1:zombie_lumberjack":1,"undead_revamp2:thespitter":2,"undead_revamp2:thespectre":1,"alexsmobs:kangaroo":2,"iceandfire:ghost":6,"luminousworld:savannah_zombie":1,"mowziesmobs:naga":2,"minecraft:ghast":1,"born_in_chaos_v1:zombie_bruiser":1,"alexsmobs:elephant":4,"iceandfire:dread_ghoul":5,"iceandfire:sea_serpent":4,"undead_revamp2:thesmoker":2,"iceandfire:fire_dragon":10,"minecraft:player":3,"iceandfire:dread_beast":1,"minecraft:enderman":2,"undead_revamp2:thehorrors":4,"iceandfire:gorgon":4,"undead_revamp2:therod":12,"born_in_chaos_v1:sir_pumpkinhead":2,"minecraft:skeleton":12,"iceandfire:lightning_dragon":4,"luminousworld:savannah_skeleton":8}},"DataVersion":3120}