{"stats":{"minecraft:broken":{"toughasnails:leaf_boots":3,"toughasnails:leaf_chestplate":6,"minecraft:stone_axe":2,"minecraft:iron_sword":1,"toughasnails:leaf_leggings":3,"minecraft:stone_sword":1,"minecraft:shield":2,"minecraft:iron_axe":1,"minecraft:iron_pickaxe":1,"toughasnails:leaf_helmet":6},"minecraft:killed":{"alexsmobs:lobster":1,"born_in_chaos_v1:restless_spirit":1,"iceandfire:gorgon":1,"minecraft:spider":14,"undead_revamp2:thesmoker":2,"undead_revamp2:theswarmer":2,"born_in_chaos_v1:scarlet_persecutor":3,"minecraft:skeleton":4,"minecraft:bee":1,"undead_revamp2:therod":5,"alexsmobs:kangaroo":4,"born_in_chaos_v1:diamond_termite":2,"alexsmobs:seal":2,"minecraft:creeper":3,"luminousworld:crab":2,"minecraft:sheep":9,"undead_revamp2:theordure":1,"luminousworld:savannah_skeleton":6,"minecraft:pillager":21,"minecraft:zombie":15,"alexsmobs:maned_wolf":1,"born_in_chaos_v1:corpse_fly":1,"alexsmobs:fly":1,"born_in_chaos_v1:door_knight":1,"mowziesmobs:umvuthana_raptor":1,"luminousworld:deer":1,"undead_revamp2:thehunter":1,"alexsmobs:raccoon":2,"minecraft:vindicator":1,"alexsmobs:seagull":1,"undead_revamp2:bomber":1,"born_in_chaos_v1:thornshell_crab":1,"born_in_chaos_v1:maggot":5,"undead_revamp2:sucker":1,"mowziesmobs:umvuthana":1,"luminousworld:savannah_zombie":8,"born_in_chaos_v1:fallen_chaos_knight":1,"born_in_chaos_v1:baby_skeleton":2,"undead_revamp2:the_moonflower":10,"mowziesmobs:umvuthana_follower_raptor":2,"born_in_chaos_v1:decrepit_skeleton":4,"alexsmobs:emu":1,"born_in_chaos_v1:bloody_gadfly":1,"iceandfire:ghost":4,"alexsmobs:gazelle":4},"minecraft:dropped":{"minecraft:brown_mushroom":2,"minecraft:glass_bottle":1,"minecraft:crossbow":3,"minecraft:orange_tulip":2,"minecraft:leather":1,"projectvibrantjourneys:bones":1,"minecraft:emerald":1,"minecraft:dirt":8,"decorative_blocks:oak_support":1,"minecraft:mutton":2,"minecraft:snowball":36,"minecraft:gold_nugget":9,"minecraft:amethyst_shard":4,"minecraft:bone_meal":2,"minecraft:dark_oak_planks":21,"projectvibrantjourneys:reeds":1,"butchersdelight:cow_hide":1,"minecraft:lever":1,"alexsmobs:animal_dictionary":1,"projectvibrantjourneys:twigs":1,"minecraft:wheat":11,"undead_revamp2:arapholia":1,"minecraft:rotten_flesh":49,"minecraft:oak_planks":6,"projectvibrantjourneys:short_grass":3,"luminousworld:savannah_soil":1,"minecraft:rabbit_hide":1,"supplementaries:flax_seeds":1,"supplementaries:ash":1,"luminousworld:grassflowers":1,"iceandfire:ghost_chest":1,"luminousworld:baobab_plank":2,"minecraft:skeleton_skull":3,"minecraft:melon_seeds":4,"spelunkers_charm:rock":3,"minecraft:acacia_sapling":8,"iceandfire:frost_lily":1,"decorative_blocks:chain":4,"projectvibrantjourneys:cattail":3,"minecraft:stone_brick_stairs":3,"minecraft:oak_leaves":99,"minecraft:netherrack":1,"minecraft:iron_ingot":1,"minecraft:oak_slab":18,"minecraft:wheat_seeds":127,"minecraft:mossy_cobblestone":1,"minecraft:lead":2,"minecraft:granite":1,"spelunkers_charm:deepslate_rock":11,"minecraft:stick":16,"butchersdelight:skullcow":1,"born_in_chaos_v1:river_mint":1,"minecraft:torch":12,"luminousworld:savannah_ground":1,"minecraft:melon_slice":5,"toughasnails:leaf_boots":5,"projectvibrantjourneys:seashells":1,"minecraft:oak_stairs":1,"toughasnails:leaf_helmet":2,"minecraft:wither_rose":2,"minecraft:iron_axe":1,"toughasnails:leaf_leggings":3,"minecraft:string":1,"minecraft:acacia_planks":2,"minecraft:stone_brick_slab":6,"butchersdelight:deadchiken":1,"minecraft:moss_carpet":6,"immersive_weathering:acacia_bark":2,"toughasnails:leaf_chestplate":3,"alexsmobs:acacia_blossom":2,"butchersdelight:roaster":1,"minecraft:stone_shovel":2,"minecraft:stripped_acacia_wood":2,"minecraft:shears":1,"minecraft:pumpkin_seeds":4,"minecraft:mossy_stone_bricks":2,"iceandfire:silver_ingot":1,"minecraft:oak_sapling":9,"minecraft:spider_eye":2,"luminousworld:elephant_grass":1,"luminousworld:blue_petunias":1,"minecraft:stone_pickaxe":1,"minecraft:wooden_pickaxe":1,"immersive_weathering:acacia_leaf_pile":1},"minecraft:crafted":{"minecraft:oak_planks":160,"toughasnails:leaf_leggings":4,"minecraft:cooked_mutton":13,"butchersdelight:rack":4,"minecraft:stone_brick_slab":6,"minecraft:bow":1,"minecraft:iron_boots":1,"vinery:stackable_log":2,"decorative_blocks:chain":4,"toughasnails:leaf_helmet":7,"minecraft:oak_slab":82,"toughasnails:leaf_boots":7,"sophisticatedbackpacks:backpack":1,"minecraft:crafting_table":31,"iceandfire:blindfold":1,"minecraft:wooden_pickaxe":1,"minecraft:iron_helmet":1,"butchersdelight:cleaver":1,"minecraft:campfire":1,"minecraft:iron_chestplate":1,"minecraft:paper":27,"quark:torch_arrow":31,"minecraft:shield":3,"quark:oak_chest":3,"minecraft:stick":100,"minecraft:iron_ingot":49,"minecraft:iron_pickaxe":2,"minecraft:stone_sword":1,"decorative_blocks:oak_support":3,"minecraft:shears":2,"minecraft:stone_shovel":1,"minecraft:iron_nugget":18,"minecraft:furnace":2,"minecraft:bone_meal":132,"firstaid:plaster":4,"minecraft:leather":1,"minecraft:iron_axe":3,"butchersdelight:roaster":1,"minecraft:stone_pickaxe":1,"minecraft:dark_oak_planks":40,"handcrafted:stackable_book":3,"minecraft:lead":2,"minecraft:cooked_beef":8,"minecraft:crossbow":1,"iceandfire:silver_ingot":2,"butchersdelight:hook":1,"toughasnails:leaf_chestplate":7,"minecraft:iron_sword":2,"minecraft:bucket":1,"minecraft:stone_axe":2,"minecraft:air":0,"minecraft:iron_leggings":1,"minecraft:white_bed":1,"minecraft:acacia_planks":112,"minecraft:torch":166,"luminousworld:baobab_plank":164},"minecraft:picked_up":{"toughasnails:leaf_leggings":3,"minecraft:wheat":82,"minecraft:lead":2,"minecraft:oak_stairs":1,"minecraft:enchanted_book":1,"minecraft:wither_rose":2,"minecraft:stone_brick_stairs":4,"minecraft:brewing_stand":1,"minecraft:string":42,"vinery:savanna_grapes_red":2,"minecraft:gold_nugget":9,"minecraft:cobbled_deepslate":57,"iceandfire:frost_lily":2,"minecraft:spruce_planks":1,"toughasnails:leaf_boots":2,"minecraft:melon_slice":89,"minecraft:iron_boots":2,"minecraft:furnace":1,"minecraft:stick":40,"iceandfire:ghost_chest":1,"minecraft:torch":34,"minecraft:acacia_log":28,"iceandfire:silver_ore":2,"luminousworld:savannah_soil":11,"born_in_chaos_v1:black_argillite_brick_stairs":4,"minecraft:goat_horn":1,"luminousworld:grassflowers":1,"projectvibrantjourneys:seashells":1,"minecraft:rotten_flesh":45,"decorative_blocks:chain":3,"minecraft:music_disc_ward":1,"alexsmobs:emu_egg":4,"farmersdelight:rope":7,"projectvibrantjourneys:cattail":3,"supplementaries:ash":10,"undead_revamp2:arapholia":1,"minecraft:snowball":41,"minecraft:cobblestone":56,"minecraft:magma_block":5,"luminousworld:savannah_ground":1,"minecraft:cooked_beef":4,"minecraft:acacia_leaves":67,"toughasnails:leaf_helmet":2,"supplementaries:flax_seeds":3,"projectvibrantjourneys:oak_hollow_log":9,"minecraft:lapis_lazuli":56,"minecraft:dirt":21,"minecraft:lantern":2,"born_in_chaos_v1:black_argillite_stairs":2,"minecraft:name_tag":2,"minecraft:bone":34,"minecraft:wheat_seeds":261,"minecraft:orange_tulip":2,"minecraft:raw_gold":30,"minecraft:bell":1,"luminousworld:elephant_grass":1,"minecraft:mossy_stone_bricks":2,"minecraft:oak_planks":3,"minecraft:stripped_acacia_wood":2,"butchersdelight:skullcow":6,"butchersdelight:cow_hide":7,"minecraft:mossy_cobblestone":1,"handcrafted:stackable_book":4,"vinery:jungle_grapes_red":19,"minecraft:diamond":33,"immersive_weathering:acacia_leaf_pile":1,"iceandfire:lectern":3,"luminousworld:yellowpetunias":1,"minecraft:lever":1,"minecraft:crossbow":3,"minecraft:granite":1,"minecraft:bone_meal":3,"minecraft:golden_apple":1,"minecraft:emerald":21,"minecraft:bread":9,"butchersdelight:hook":2,"minecraft:oak_sapling":24,"luminousworld:bao_bob_log":35,"minecraft:netherrack":1,"minecraft:dark_oak_fence":1,"minecraft:oak_leaves":317,"minecraft:crafting_table":9,"born_in_chaos_v1:smoked_monster_flesh":1,"born_in_chaos_v1:river_mint":1,"minecraft:clay_ball":64,"minecraft:brown_mushroom":2,"spelunkers_charm:deepslate_rock":22,"luminousworld:bao_bob_wood":7,"quark:dark_oak_chest":5,"minecraft:moss_carpet":7,"minecraft:iron_axe":2,"projectvibrantjourneys:reeds":1,"born_in_chaos_v1:black_argillite_brick":2,"butchersdelight:dead_cow":7,"minecraft:cracked_stone_bricks":2,"minecraft:candle":32,"minecraft:beef":20,"vinery:cherry":5,"minecraft:iron_nugget":24,"projectvibrantjourneys:short_grass":3,"minecraft:chest":1,"minecraft:sugar_cane":36,"iceandfire:podium_acacia":2,"minecraft:raw_iron":40,"luminousworld:blue_petunias":1,"immersive_weathering:acacia_bark":2,"minecraft:redstone":43,"minecraft:iron_horse_armor":1,"luminousworld:baobab_plank":7,"minecraft:stone_shovel":2,"minecraft:arrow":3,"butchersdelight:deadsheep":9,"quark:acacia_chest":3,"minecraft:shears":1,"minecraft:gold_ingot":35,"minecraft:mutton":29,"minecraft:bone_block":20,"minecraft:skeleton_skull":5,"minecraft:white_wool":2,"vinery:jungle_grape_seeds_red":4,"minecraft:leather":1,"alexsmobs:acacia_blossom":4,"iceandfire:myrmex_desert_resin_glass":3,"minecraft:oak_log":55,"minecraft:lily_pad":1,"toughasnails:purified_water_bottle":2,"minecraft:gunpowder":2,"butchersdelight:rack":7,"minecraft:white_banner":1,"butchersdelight:deadchiken":4,"minecraft:cooked_mutton":11,"mowziesmobs:umvuthana_mask_rage":1,"minecraft:apple":4,"minecraft:stone_bricks":8,"iceandfire:pixie_jar_empty":1,"minecraft:rabbit_hide":5,"minecraft:iron_ingot":41,"minecraft:cobweb":3,"minecraft:glass_bottle":1,"luminousworld:white_petunias":1,"minecraft:acacia_sapling":8,"minecraft:book":2,"toughasnails:leaf_chestplate":3,"minecraft:oak_slab":19,"iceandfire:copper_nugget":100,"minecraft:pumpkin":22,"minecraft:stone_brick_slab":5,"born_in_chaos_v1:ethereal_spirit":6,"minecraft:dandelion":1,"minecraft:gravel":7,"projectvibrantjourneys:bones":8,"minecraft:amethyst_shard":4,"minecraft:white_bed":5,"quark:oak_chest":1,"minecraft:spider_eye":1,"butchersdelight:sheephide":12,"projectvibrantjourneys:twigs":1,"minecraft:melon_seeds":5,"spelunkers_charm:rock":3,"minecraft:stripped_dark_oak_log":10,"minecraft:coal":84},"minecraft:killed_by":{"mowziesmobs:naga":2,"undead_revamp2:the_moonflower":5,"minecraft:pillager":4,"born_in_chaos_v1:zombie_bruiser":1,"alexsmobs:elephant":4,"minecraft:vindicator":3,"mowziesmobs:umvuthana":2,"alexsmobs:rhinoceros":1,"minecraft:zombie":2,"born_in_chaos_v1:scarlet_persecutor":5,"undead_revamp2:thesmoker":2,"undead_revamp2:thepregnant":2,"minecraft:player":3,"born_in_chaos_v1:zombie_lumberjack":1,"minecraft:enderman":1,"undead_revamp2:thespitter":2,"undead_revamp2:thehorrors":4,"iceandfire:gorgon":4,"undead_revamp2:thespectre":1,"undead_revamp2:therod":11,"born_in_chaos_v1:sir_pumpkinhead":2,"minecraft:skeleton":12,"iceandfire:lightning_dragon":3,"alexsmobs:kangaroo":2,"iceandfire:ghost":4,"luminousworld:savannah_zombie":1,"luminousworld:savannah_skeleton":8},"minecraft:mined":{"minecraft:spruce_planks":2,"minecraft:oak_sapling":2,"minecraft:white_bed":5,"iceandfire:graveyard_soil":2,"luminousworld:yellowpetunias":2,"immersive_weathering:acacia_leaf_pile":1,"iceandfire:copper_pile":12,"minecraft:cobblestone_stairs":1,"minecraft:brewing_stand":1,"minecraft:acacia_log":28,"minecraft:grass_block":8,"iceandfire:lectern":3,"luminousworld:baobab_plank":7,"minecraft:chiseled_stone_bricks":1,"luminousworld:savanna_grass_2":26,"minecraft:magma_block":7,"minecraft:mossy_cobblestone_stairs":1,"minecraft:iron_ore":10,"minecraft:cobbled_deepslate":7,"minecraft:fire":1,"born_in_chaos_v1:black_argillite_brick_stairs":4,"projectvibrantjourneys:bark_mushroom":2,"minecraft:pumpkin":22,"minecraft:deepslate_lapis_ore":5,"minecraft:azure_bluet":1,"minecraft:dark_oak_stairs":1,"decorative_blocks:chain":3,"supplementaries:stick":1,"minecraft:dirt_path":4,"minecraft:oak_stairs":1,"butchersdelight:racksheep":5,"immersive_weathering:oak_leaf_pile":2,"minecraft:deepslate_redstone_ore":10,"vinery:jungle_grape_bush_red":1,"minecraft:brown_mushroom":1,"luminousworld:tall_deadbush":4,"handcrafted:stackable_book":3,"minecraft:amethyst_cluster":1,"iceandfire:podium_acacia":2,"minecraft:clay":15,"minecraft:torch":1,"born_in_chaos_v1:infected_deepslate_diamond_ore":1,"iceandfire:myrmex_desert_resin_glass":3,"projectvibrantjourneys:twigs":2,"minecraft:melon":12,"iceandfire:ghost_chest":1,"minecraft:chest":1,"projectvibrantjourneys:natural_cobweb":7,"minecraft:cobblestone":8,"minecraft:oak_planks":1,"projectvibrantjourneys:fallen_leaves":1,"minecraft:sugar_cane":17,"minecraft:skeleton_skull":2,"spelunkers_charm:rock_pile_3":1,"projectvibrantjourneys:light_brown_bark_mushroom":1,"projectvibrantjourneys:bones":4,"luminousworld:bao_bob_log":148,"born_in_chaos_v1:black_argillite_brick":2,"minecraft:wither_rose":2,"minecraft:stone_brick_stairs":2,"minecraft:grass":83,"butchersdelight:hook":2,"minecraft:oak_log":65,"projectvibrantjourneys:short_grass":93,"minecraft:dirt":14,"luminousworld:grassvariant_3":10,"immersive_weathering:weeds":1,"born_in_chaos_v1:infernal_evil_pumpkin_s":1,"minecraft:netherrack":4,"luminousworld:savannah_grass_4":21,"minecraft:oak_leaves":319,"minecraft:deepslate":69,"luminousworld:savannah_ground":6,"iceandfire:silver_ore":2,"minecraft:mossy_cobblestone":1,"luminousworld:grassvariant_4":6,"minecraft:deepslate_diamond_ore":17,"minecraft:candle":13,"luminousworld:blue_petunias":1,"minecraft:dark_oak_log":1,"projectvibrantjourneys:rocks":7,"born_in_chaos_v1:infected_diamond_ore":1,"minecraft:lever":1,"minecraft:dark_oak_fence":2,"luminousworld:grassvariant_2":25,"quark:acacia_chest":3,"minecraft:large_fern":2,"minecraft:furnace":1,"minecraft:snow":8,"minecraft:stripped_spruce_log":2,"minecraft:bell":1,"projectvibrantjourneys:beach_grass":4,"farmersdelight:rope":7,"minecraft:deepslate_iron_ore":29,"minecraft:vine":7,"minecraft:lantern":3,"minecraft:stripped_oak_log":1,"butchersdelight:skullcow":1,"iceandfire:frost_lily":2,"projectvibrantjourneys:seashells":1,"minecraft:stone":48,"iceandfire:pixie_jar_empty":1,"luminousworld:savannah_soil":20,"minecraft:acacia_leaves":70,"quark:oak_chest":1,"quark:dark_oak_chest":5,"minecraft:snow_block":19,"minecraft:stripped_dark_oak_log":10,"minecraft:stone_brick_slab":2,"minecraft:dandelion":1,"minecraft:crafting_table":9,"luminousworld:savannah_grass_1":19,"born_in_chaos_v1:black_argillite_stairs":2,"projectvibrantjourneys:mossy_rocks":1,"luminousworld:grassflowers":1,"minecraft:tall_grass":13,"farmersdelight:wild_tomatoes":1,"minecraft:deepslate_gold_ore":15,"minecraft:lily_pad":1,"minecraft:diorite":2,"supplementaries:urn":14,"farmersdelight:wild_beetroots":1,"minecraft:birch_planks":2,"butchersdelight:deadcowblock":1,"spelunkers_charm:deepslate_rock_pile_3":1,"minecraft:coal_ore":42,"immersive_weathering:cracked_stone_brick_stairs":1,"minecraft:gravel":7,"minecraft:cobweb":35,"minecraft:cracked_stone_bricks":2,"minecraft:acacia_planks":1,"minecraft:stripped_acacia_wood":1,"minecraft:stone_bricks":8,"butchersdelight:rackcow":2,"luminousworld:elephant_grass":2,"minecraft:mossy_stone_bricks":1,"projectvibrantjourneys:oak_hollow_log":9,"minecraft:fern":4,"undead_revamp2:arapholia":1,"luminousworld:white_petunias":1},"minecraft:used":{"iceandfire:lectern":1,"minecraft:moss_carpet":1,"minecraft:shield":164,"butchersdelight:hook":3,"minecraft:iron_sword":371,"minecraft:rotten_flesh":4,"handcrafted:stackable_book":7,"minecraft:mutton":9,"minecraft:carrot":3,"vinery:jungle_grape_seeds_red":4,"minecraft:snowball":2,"minecraft:iron_helmet":1,"vinery:stackable_log":2,"minecraft:stone_bricks":5,"minecraft:magma_block":2,"minecraft:bow":8,"minecraft:oak_sapling":9,"minecraft:furnace":3,"minecraft:stone_pickaxe":88,"minecraft:oak_planks":33,"minecraft:wooden_pickaxe":16,"minecraft:sugar_cane":7,"minecraft:oak_leaves":13,"butchersdelight:skullcow":3,"luminousworld:baobab_plank":65,"minecraft:crossbow":60,"minecraft:shears":386,"minecraft:pumpkin_seeds":8,"minecraft:bread":5,"minecraft:gravel":7,"minecraft:bone_meal":41,"minecraft:cobweb":3,"minecraft:stone_sword":135,"toughasnails:leaf_helmet":5,"minecraft:stone_shovel":126,"luminousworld:bao_bob_log":1,"vinery:jungle_grapes_red":3,"toughasnails:leaf_boots":5,"minecraft:stick":1,"minecraft:torch":147,"minecraft:dirt":9,"iceandfire:frost_lily":1,"decorative_blocks:oak_support":2,"farmersdelight:rope":7,"minecraft:stone_brick_slab":5,"minecraft:dark_oak_planks":15,"minecraft:iron_axe":350,"minecraft:melon_seeds":1,"minecraft:light_gray_wool":2,"minecraft:cooked_beef":5,"minecraft:cobbled_deepslate":44,"projectvibrantjourneys:oak_hollow_log":1,"minecraft:pumpkin":4,"minecraft:cooked_mutton":1,"minecraft:wheat_seeds":24,"toughasnails:leaf_leggings":2,"minecraft:glass_bottle":2,"minecraft:cracked_stone_bricks":1,"born_in_chaos_v1:black_argillite_brick_stairs":4,"born_in_chaos_v1:black_argillite_stairs":2,"luminousworld:white_petunias":1,"quark:acacia_chest":3,"minecraft:oak_slab":37,"minecraft:crafting_table":20,"minecraft:white_bed":6,"minecraft:campfire":1,"minecraft:oak_log":6,"minecraft:apple":1,"decorative_blocks:chain":3,"minecraft:iron_pickaxe":286,"toughasnails:leaf_chestplate":6,"minecraft:stone_axe":113,"quark:dark_oak_chest":1,"minecraft:cobblestone":26,"minecraft:potion":2,"vinery:cherry":5,"toughasnails:purified_water_bottle":2,"quark:oak_chest":4,"butchersdelight:rack":11,"alexsmobs:animal_dictionary":1,"alexsmobs:emu_egg":1},"minecraft:custom":{"minecraft:animals_bred":12,"minecraft:interact_with_crafting_table":100,"minecraft:open_barrel":44,"minecraft:leave_game":17,"minecraft:time_since_death":0,"minecraft:sprint_one_cm":1090650,"minecraft:damage_blocked_by_shield":5250,"minecraft:drop":152,"minecraft:talked_to_villager":1,"minecraft:play_time":416972,"minecraft:deaths":102,"minecraft:jump":9231,"minecraft:walk_on_water_one_cm":30085,"minecraft:interact_with_furnace":43,"minecraft:sleep_in_bed":9,"minecraft:damage_dealt":33216,"minecraft:crouch_one_cm":47324,"minecraft:horse_one_cm":3719,"minecraft:mob_kills":170,"minecraft:interact_with_campfire":1,"minecraft:damage_dealt_resisted":1322,"minecraft:climb_one_cm":7193,"minecraft:walk_one_cm":741737,"minecraft:sneak_time":18889,"minecraft:walk_under_water_one_cm":8402,"minecraft:interact_with_blast_furnace":1,"minecraft:total_world_time":416972,"minecraft:time_since_rest":0,"minecraft:damage_taken":18602,"minecraft:trigger_trapped_chest":2,"minecraft:swim_one_cm":37272,"minecraft:fly_one_cm":1793422,"minecraft:open_chest":235,"minecraft:fall_one_cm":274530}},"DataVersion":3120}