{"stats":{"minecraft:crafted":{"minecraft:oak_planks":70,"toughasnails:leaf_leggings":3,"minecraft:cooked_mutton":13,"butchersdelight:rack":4,"minecraft:stone_brick_slab":6,"minecraft:bow":1,"decorative_blocks:chain":4,"toughasnails:leaf_helmet":5,"toughasnails:leaf_boots":4,"minecraft:crafting_table":26,"iceandfire:blindfold":1,"minecraft:iron_helmet":1,"minecraft:wooden_pickaxe":1,"butchersdelight:cleaver":1,"minecraft:paper":27,"quark:torch_arrow":6,"minecraft:shield":1,"quark:oak_chest":1,"minecraft:stick":76,"minecraft:iron_ingot":49,"minecraft:iron_pickaxe":1,"minecraft:stone_sword":1,"decorative_blocks:oak_support":3,"minecraft:shears":1,"minecraft:stone_shovel":1,"minecraft:iron_nugget":18,"minecraft:furnace":2,"minecraft:bone_meal":132,"firstaid:plaster":3,"minecraft:leather":1,"minecraft:iron_axe":1,"minecraft:stone_pickaxe":1,"minecraft:lead":2,"minecraft:cooked_beef":8,"butchersdelight:hook":1,"toughasnails:leaf_chestplate":5,"minecraft:iron_sword":1,"minecraft:stone_axe":2,"minecraft:air":0,"minecraft:white_bed":1,"minecraft:acacia_planks":112,"minecraft:torch":126,"luminousworld:baobab_plank":68},"minecraft:used":{"iceandfire:lectern":1,"minecraft:moss_carpet":1,"minecraft:shield":59,"butchersdelight:hook":2,"minecraft:iron_sword":187,"minecraft:rotten_flesh":4,"minecraft:mutton":9,"vinery:jungle_grape_seeds_red":4,"minecraft:snowball":2,"minecraft:iron_helmet":1,"minecraft:stone_bricks":5,"minecraft:magma_block":2,"minecraft:bow":3,"minecraft:oak_sapling":1,"minecraft:furnace":2,"minecraft:stone_pickaxe":88,"minecraft:oak_planks":10,"minecraft:wooden_pickaxe":16,"minecraft:oak_leaves":1,"butchersdelight:skullcow":3,"luminousworld:baobab_plank":49,"minecraft:shears":220,"minecraft:gravel":7,"minecraft:bone_meal":41,"minecraft:cobweb":3,"minecraft:stone_sword":135,"toughasnails:leaf_helmet":3,"minecraft:stone_shovel":119,"luminousworld:bao_bob_log":1,"vinery:jungle_grapes_red":3,"toughasnails:leaf_boots":3,"minecraft:torch":129,"minecraft:dirt":7,"iceandfire:frost_lily":1,"decorative_blocks:oak_support":2,"farmersdelight:rope":7,"minecraft:stone_brick_slab":5,"minecraft:iron_axe":165,"minecraft:light_gray_wool":2,"minecraft:cooked_beef":4,"minecraft:cobbled_deepslate":44,"projectvibrantjourneys:oak_hollow_log":1,"minecraft:cooked_mutton":1,"minecraft:wheat_seeds":2,"toughasnails:leaf_leggings":2,"minecraft:cracked_stone_bricks":1,"luminousworld:white_petunias":1,"minecraft:crafting_table":13,"minecraft:white_bed":5,"decorative_blocks:chain":3,"minecraft:iron_pickaxe":250,"toughasnails:leaf_chestplate":3,"minecraft:stone_axe":113,"minecraft:cobblestone":25,"quark:oak_chest":1,"alexsmobs:animal_dictionary":1,"butchersdelight:rack":5},"minecraft:killed_by":{"mowziesmobs:naga":2,"undead_revamp2:the_moonflower":2,"born_in_chaos_v1:zombie_bruiser":1,"alexsmobs:rhinoceros":1,"minecraft:zombie":1,"born_in_chaos_v1:scarlet_persecutor":5,"undead_revamp2:thesmoker":2,"undead_revamp2:thepregnant":2,"minecraft:player":2,"undead_revamp2:thespitter":2,"undead_revamp2:thehorrors":1,"iceandfire:gorgon":4,"undead_revamp2:therod":6,"minecraft:skeleton":10,"iceandfire:lightning_dragon":3,"iceandfire:ghost":4,"luminousworld:savannah_zombie":1,"luminousworld:savannah_skeleton":7},"minecraft:custom":{"minecraft:animals_bred":9,"minecraft:interact_with_crafting_table":69,"minecraft:leave_game":7,"minecraft:time_since_death":21336,"minecraft:sprint_one_cm":744237,"minecraft:damage_blocked_by_shield":1850,"minecraft:drop":97,"minecraft:play_time":239420,"minecraft:deaths":65,"minecraft:jump":6204,"minecraft:walk_on_water_one_cm":18526,"minecraft:interact_with_furnace":32,"minecraft:sleep_in_bed":6,"minecraft:damage_dealt":20828,"minecraft:crouch_one_cm":25656,"minecraft:mob_kills":93,"minecraft:damage_dealt_resisted":1050,"minecraft:climb_one_cm":6091,"minecraft:walk_one_cm":441260,"minecraft:sneak_time":10196,"minecraft:walk_under_water_one_cm":7290,"minecraft:total_world_time":239420,"minecraft:time_since_rest":7062,"minecraft:damage_taken":12741,"minecraft:trigger_trapped_chest":2,"minecraft:swim_one_cm":24514,"minecraft:fly_one_cm":1166267,"minecraft:open_chest":82,"minecraft:fall_one_cm":203111},"minecraft:killed":{"alexsmobs:lobster":1,"born_in_chaos_v1:restless_spirit":1,"iceandfire:gorgon":1,"minecraft:spider":6,"undead_revamp2:thesmoker":1,"undead_revamp2:theswarmer":1,"born_in_chaos_v1:scarlet_persecutor":3,"minecraft:skeleton":4,"minecraft:bee":1,"undead_revamp2:therod":4,"born_in_chaos_v1:diamond_termite":2,"alexsmobs:seal":1,"minecraft:creeper":3,"luminousworld:crab":1,"minecraft:sheep":7,"undead_revamp2:theordure":1,"luminousworld:savannah_skeleton":6,"minecraft:pillager":1,"minecraft:zombie":12,"born_in_chaos_v1:corpse_fly":1,"born_in_chaos_v1:door_knight":1,"luminousworld:deer":1,"undead_revamp2:thehunter":1,"alexsmobs:raccoon":2,"born_in_chaos_v1:thornshell_crab":1,"born_in_chaos_v1:maggot":3,"luminousworld:savannah_zombie":8,"born_in_chaos_v1:fallen_chaos_knight":1,"born_in_chaos_v1:baby_skeleton":1,"undead_revamp2:the_moonflower":7,"iceandfire:ghost":3},"minecraft:dropped":{"minecraft:brown_mushroom":2,"projectvibrantjourneys:bones":1,"minecraft:emerald":1,"minecraft:dirt":4,"decorative_blocks:oak_support":1,"minecraft:gold_nugget":9,"minecraft:amethyst_shard":4,"projectvibrantjourneys:reeds":1,"minecraft:lever":1,"alexsmobs:animal_dictionary":1,"projectvibrantjourneys:twigs":1,"minecraft:rotten_flesh":40,"minecraft:oak_planks":2,"projectvibrantjourneys:short_grass":3,"luminousworld:savannah_soil":1,"minecraft:rabbit_hide":1,"supplementaries:flax_seeds":1,"supplementaries:ash":1,"luminousworld:grassflowers":1,"iceandfire:ghost_chest":1,"luminousworld:baobab_plank":1,"minecraft:skeleton_skull":3,"spelunkers_charm:rock":3,"minecraft:acacia_sapling":8,"iceandfire:frost_lily":1,"decorative_blocks:chain":4,"projectvibrantjourneys:cattail":3,"minecraft:stone_brick_stairs":3,"minecraft:oak_leaves":99,"minecraft:netherrack":1,"minecraft:iron_ingot":1,"minecraft:wheat_seeds":97,"minecraft:mossy_cobblestone":1,"minecraft:lead":2,"minecraft:granite":1,"spelunkers_charm:deepslate_rock":11,"minecraft:stick":8,"butchersdelight:skullcow":1,"born_in_chaos_v1:river_mint":1,"minecraft:torch":12,"luminousworld:savannah_ground":1,"minecraft:melon_slice":5,"toughasnails:leaf_boots":2,"projectvibrantjourneys:seashells":1,"minecraft:oak_stairs":1,"toughasnails:leaf_helmet":1,"minecraft:wither_rose":2,"toughasnails:leaf_leggings":2,"minecraft:string":1,"minecraft:stone_brick_slab":6,"butchersdelight:deadchiken":1,"minecraft:moss_carpet":6,"immersive_weathering:acacia_bark":2,"toughasnails:leaf_chestplate":2,"minecraft:stripped_acacia_wood":2,"minecraft:shears":1,"minecraft:mossy_stone_bricks":2,"iceandfire:silver_ingot":1,"minecraft:oak_sapling":3,"minecraft:spider_eye":2,"luminousworld:elephant_grass":1,"minecraft:stone_pickaxe":1,"minecraft:wooden_pickaxe":1,"immersive_weathering:acacia_leaf_pile":1},"minecraft:broken":{"toughasnails:leaf_boots":2,"toughasnails:leaf_chestplate":4,"minecraft:stone_axe":2,"toughasnails:leaf_leggings":2,"minecraft:stone_sword":1,"minecraft:iron_pickaxe":1,"toughasnails:leaf_helmet":4},"minecraft:mined":{"iceandfire:graveyard_soil":2,"minecraft:white_bed":4,"minecraft:oak_sapling":1,"immersive_weathering:acacia_leaf_pile":1,"iceandfire:copper_pile":6,"minecraft:cobblestone_stairs":1,"minecraft:acacia_log":28,"minecraft:grass_block":3,"iceandfire:lectern":1,"luminousworld:baobab_plank":1,"luminousworld:savanna_grass_2":22,"minecraft:chiseled_stone_bricks":1,"minecraft:magma_block":7,"minecraft:mossy_cobblestone_stairs":1,"minecraft:iron_ore":10,"minecraft:cobbled_deepslate":7,"minecraft:fire":1,"projectvibrantjourneys:bark_mushroom":2,"minecraft:pumpkin":11,"minecraft:deepslate_lapis_ore":5,"minecraft:azure_bluet":1,"decorative_blocks:chain":3,"minecraft:dirt_path":4,"minecraft:oak_stairs":1,"minecraft:deepslate_redstone_ore":10,"vinery:jungle_grape_bush_red":1,"minecraft:brown_mushroom":1,"luminousworld:tall_deadbush":3,"minecraft:amethyst_cluster":1,"minecraft:clay":15,"born_in_chaos_v1:infected_deepslate_diamond_ore":1,"minecraft:torch":1,"minecraft:melon":12,"iceandfire:ghost_chest":1,"projectvibrantjourneys:natural_cobweb":6,"minecraft:cobblestone":5,"minecraft:sugar_cane":14,"minecraft:oak_planks":1,"minecraft:skeleton_skull":2,"projectvibrantjourneys:light_brown_bark_mushroom":1,"spelunkers_charm:rock_pile_3":1,"projectvibrantjourneys:bones":2,"luminousworld:bao_bob_log":148,"minecraft:wither_rose":2,"minecraft:stone_brick_stairs":2,"minecraft:grass":47,"butchersdelight:hook":1,"minecraft:oak_log":15,"projectvibrantjourneys:short_grass":63,"minecraft:dirt":14,"luminousworld:grassvariant_3":7,"immersive_weathering:weeds":1,"minecraft:netherrack":4,"luminousworld:savannah_grass_4":20,"minecraft:oak_leaves":151,"minecraft:deepslate":69,"luminousworld:savannah_ground":5,"iceandfire:silver_ore":2,"minecraft:mossy_cobblestone":1,"minecraft:deepslate_diamond_ore":17,"luminousworld:grassvariant_4":2,"projectvibrantjourneys:rocks":6,"born_in_chaos_v1:infected_diamond_ore":1,"minecraft:lever":1,"luminousworld:grassvariant_2":5,"minecraft:large_fern":2,"minecraft:snow":2,"projectvibrantjourneys:beach_grass":4,"farmersdelight:rope":7,"minecraft:deepslate_iron_ore":29,"minecraft:vine":7,"iceandfire:frost_lily":2,"butchersdelight:skullcow":1,"minecraft:stone":48,"luminousworld:savannah_soil":20,"minecraft:acacia_leaves":70,"minecraft:snow_block":19,"minecraft:stone_brick_slab":2,"minecraft:crafting_table":5,"luminousworld:savannah_grass_1":15,"luminousworld:grassflowers":1,"minecraft:tall_grass":6,"minecraft:deepslate_gold_ore":15,"farmersdelight:wild_tomatoes":1,"minecraft:lily_pad":1,"minecraft:diorite":2,"supplementaries:urn":14,"farmersdelight:wild_beetroots":1,"butchersdelight:deadcowblock":1,"spelunkers_charm:deepslate_rock_pile_3":1,"minecraft:coal_ore":42,"immersive_weathering:cracked_stone_brick_stairs":1,"minecraft:gravel":7,"minecraft:cobweb":23,"minecraft:cracked_stone_bricks":2,"minecraft:stripped_acacia_wood":1,"minecraft:stone_bricks":8,"butchersdelight:rackcow":1,"luminousworld:elephant_grass":2,"minecraft:mossy_stone_bricks":1,"projectvibrantjourneys:oak_hollow_log":9,"minecraft:fern":4,"luminousworld:white_petunias":1},"minecraft:picked_up":{"toughasnails:leaf_leggings":2,"minecraft:wheat":45,"minecraft:oak_stairs":1,"minecraft:wither_rose":2,"minecraft:stone_brick_stairs":4,"minecraft:string":29,"minecraft:gold_nugget":9,"minecraft:cobbled_deepslate":57,"iceandfire:frost_lily":2,"toughasnails:leaf_boots":1,"minecraft:melon_slice":47,"minecraft:iron_boots":2,"minecraft:stick":26,"iceandfire:ghost_chest":1,"minecraft:acacia_log":28,"minecraft:torch":34,"iceandfire:silver_ore":2,"luminousworld:savannah_soil":11,"luminousworld:grassflowers":1,"projectvibrantjourneys:seashells":1,"minecraft:rotten_flesh":36,"decorative_blocks:chain":3,"farmersdelight:rope":7,"projectvibrantjourneys:cattail":3,"supplementaries:ash":5,"minecraft:snowball":32,"minecraft:cobblestone":55,"minecraft:magma_block":5,"luminousworld:savannah_ground":1,"minecraft:acacia_leaves":67,"toughasnails:leaf_helmet":1,"supplementaries:flax_seeds":3,"projectvibrantjourneys:oak_hollow_log":9,"minecraft:lapis_lazuli":28,"minecraft:dirt":15,"minecraft:bone":33,"minecraft:wheat_seeds":166,"minecraft:raw_gold":15,"luminousworld:elephant_grass":1,"minecraft:mossy_stone_bricks":2,"minecraft:oak_planks":1,"minecraft:stripped_acacia_wood":2,"butchersdelight:skullcow":5,"butchersdelight:cow_hide":4,"minecraft:mossy_cobblestone":1,"vinery:jungle_grapes_red":19,"minecraft:diamond":16,"immersive_weathering:acacia_leaf_pile":1,"iceandfire:lectern":1,"minecraft:lever":1,"minecraft:granite":1,"minecraft:emerald":8,"butchersdelight:hook":1,"minecraft:oak_sapling":4,"luminousworld:bao_bob_log":35,"minecraft:netherrack":1,"minecraft:oak_leaves":160,"minecraft:crafting_table":5,"born_in_chaos_v1:river_mint":1,"minecraft:clay_ball":32,"minecraft:brown_mushroom":2,"spelunkers_charm:deepslate_rock":22,"luminousworld:bao_bob_wood":7,"minecraft:moss_carpet":7,"projectvibrantjourneys:reeds":1,"butchersdelight:dead_cow":6,"minecraft:cracked_stone_bricks":2,"minecraft:beef":16,"minecraft:iron_nugget":8,"projectvibrantjourneys:short_grass":3,"minecraft:sugar_cane":29,"minecraft:raw_iron":40,"immersive_weathering:acacia_bark":2,"minecraft:redstone":43,"minecraft:iron_horse_armor":1,"luminousworld:baobab_plank":1,"butchersdelight:deadsheep":7,"minecraft:arrow":1,"minecraft:shears":1,"minecraft:gold_ingot":3,"minecraft:mutton":28,"minecraft:skeleton_skull":5,"minecraft:bone_block":20,"vinery:jungle_grape_seeds_red":4,"alexsmobs:acacia_blossom":2,"minecraft:oak_log":14,"minecraft:lily_pad":1,"minecraft:gunpowder":2,"butchersdelight:rack":1,"butchersdelight:deadchiken":1,"minecraft:stone_bricks":8,"minecraft:rabbit_hide":5,"minecraft:iron_ingot":1,"minecraft:cobweb":3,"luminousworld:white_petunias":1,"minecraft:acacia_sapling":8,"toughasnails:leaf_chestplate":2,"iceandfire:copper_nugget":50,"minecraft:pumpkin":11,"minecraft:stone_brick_slab":5,"born_in_chaos_v1:ethereal_spirit":3,"minecraft:gravel":7,"projectvibrantjourneys:bones":8,"minecraft:amethyst_shard":4,"minecraft:white_bed":4,"minecraft:spider_eye":1,"butchersdelight:sheephide":7,"projectvibrantjourneys:twigs":1,"spelunkers_charm:rock":3,"minecraft:coal":60}},"DataVersion":3120}