{
  "vinery:flower_pot": {
    "criteria": {
      "has_the_recipe": "2024-06-17 03:45:44 +0000"
    },
    "done": true
  },
  "vinery:cherry_chest_boat": {
    "criteria": {
      "has_the_recipe": "2024-06-17 03:45:44 +0000"
    },
    "done": true
  },
  "alexsmobs:alexsmobs/emu": {
    "criteria": {
      "killed_by": "2024-06-17 07:01:41 +0000"
    },
    "done": true
  },
  "vinery:dark_oak_wine_rack_small": {
    "criteria": {
      "has_the_recipe": "2024-06-17 03:45:44 +0000"
    },
    "done": true
  },
  "vinery:birch_wine_rack_small": {
    "criteria": {
      "has_the_recipe": "2024-06-17 03:45:44 +0000"
    },
    "done": true
  },
  "farmersdelight:main/plant_all_crops": {
    "criteria": {
      "wheat": "2024-06-17 07:17:58 +0000"
    },
    "done": false
  },
  "vinery:window": {
    "criteria": {
      "has_the_recipe": "2024-06-17 03:45:44 +0000"
    },
    "done": true
  },
  "vinery:vinemaker_leggings": {
    "criteria": {
      "has_the_recipe": "2024-06-17 03:45:44 +0000"
    },
    "done": true
  },
  "vinery:spruce_wine_rack_small": {
    "criteria": {
      "has_the_recipe": "2024-06-17 03:45:44 +0000"
    },
    "done": true
  },
  "vinery:grapevine_stem": {
    "criteria": {
      "has_the_recipe": "2024-06-17 03:45:44 +0000"
    },
    "done": true
  },
  "vinery:big_table": {
    "criteria": {
      "has_the_recipe": "2024-06-17 03:45:44 +0000"
    },
    "done": true
  },
  "minecraft:nether/root": {
    "criteria": {
      "entered_nether": "2024-06-18 20:51:32 +0000"
    },
    "done": true
  },
  "undead_revamp2:theundeadchallenges": {
    "criteria": {
      "theundeadchallenges": "2024-06-17 03:45:45 +0000"
    },
    "done": true
  },
  "iceandfire:iceandfire/bestiary": {
    "criteria": {
      "bestiary": "2024-06-17 06:45:14 +0000"
    },
    "done": true
  },
  "vinery:cherry_pressure_plate": {
    "criteria": {
      "has_the_recipe": "2024-06-17 03:45:44 +0000"
    },
    "done": true
  },
  "vinery:stackable_log": {
    "criteria": {
      "has_the_recipe": "2024-06-17 03:45:44 +0000"
    },
    "done": true
  },
  "vinery:loam": {
    "criteria": {
      "has_the_recipe": "2024-06-17 03:45:44 +0000"
    },
    "done": true
  },
  "vinery:cherry_fence": {
    "criteria": {
      "has_the_recipe": "2024-06-17 03:45:44 +0000"
    },
    "done": true
  },
  "vinery:vinemaker_boots": {
    "criteria": {
      "has_the_recipe": "2024-06-17 03:45:44 +0000"
    },
    "done": true
  },
  "vinery:basket": {
    "criteria": {
      "has_the_recipe": "2024-06-17 03:45:44 +0000"
    },
    "done": true
  },
  "vinery:straw_hat": {
    "criteria": {
      "has_the_recipe": "2024-06-17 03:45:44 +0000"
    },
    "done": true
  },
  "iceandfire:iceandfire/root": {
    "criteria": {
      "tick": "2024-06-17 03:45:45 +0000"
    },
    "done": true
  },
  "vinery:dirt_slab": {
    "criteria": {
      "has_the_recipe": "2024-06-17 03:45:44 +0000"
    },
    "done": true
  },
  "vinery:cherry_stairs": {
    "criteria": {
      "has_the_recipe": "2024-06-17 03:45:44 +0000"
    },
    "done": true
  },
  "vinery:grass_slab": {
    "criteria": {
      "has_the_recipe": "2024-06-17 03:45:44 +0000"
    },
    "done": true
  },
  "mowziesmobs:root": {
    "criteria": {
      "custom_test_name": "2024-06-17 03:45:45 +0000"
    },
    "done": true
  },
  "minecraft:story/deflect_arrow": {
    "criteria": {
      "deflected_projectile": "2024-06-17 17:32:52 +0000"
    },
    "done": true
  },
  "vinery:oak_wine_rack_small": {
    "criteria": {
      "has_the_recipe": "2024-06-17 03:45:44 +0000"
    },
    "done": true
  },
  "farmersdelight:main/get_fd_seed": {
    "criteria": {
      "tomato_seeds": "2024-06-17 06:54:09 +0000"
    },
    "done": true
  },
  "undead_revamp2:mommy": {
    "criteria": {
      "mommy": "2024-06-18 04:14:17 +0000"
    },
    "done": true
  },
  "immersive_weathering:immersive_weathering/weeds": {
    "criteria": {
      "wheat": "2024-06-18 05:20:47 +0000"
    },
    "done": true
  },
  "immersive_weathering:immersive_weathering/bark_off": {
    "criteria": {
      "wax_off": "2024-06-17 06:45:09 +0000"
    },
    "done": true
  },
  "vinery:cherry_slab": {
    "criteria": {
      "has_the_recipe": "2024-06-17 03:45:44 +0000"
    },
    "done": true
  },
  "vinery:red_grape_crate": {
    "criteria": {
      "has_the_recipe": "2024-06-17 03:45:44 +0000"
    },
    "done": true
  },
  "vinery:dark_oak_wine_rack_big": {
    "criteria": {
      "has_the_recipe": "2024-06-17 03:45:44 +0000"
    },
    "done": true
  },
  "vinery:wine_box": {
    "criteria": {
      "has_the_recipe": "2024-06-17 03:45:44 +0000"
    },
    "done": true
  },
  "vinery:acacia_wine_rack_small": {
    "criteria": {
      "has_the_recipe": "2024-06-17 03:45:44 +0000"
    },
    "done": true
  },
  "minecraft:husbandry/balanced_diet": {
    "criteria": {
      "cooked_beef": "2024-06-18 02:50:46 +0000",
      "apple": "2024-06-17 16:46:22 +0000",
      "bread": "2024-06-17 06:28:32 +0000"
    },
    "done": false
  },
  "vinery:cherry_boat": {
    "criteria": {
      "has_the_recipe": "2024-06-17 03:45:44 +0000"
    },
    "done": true
  },
  "vinery:grapevine_lattice": {
    "criteria": {
      "has_the_recipe": "2024-06-17 03:45:44 +0000"
    },
    "done": true
  },
  "vinery:cherry_trapdoor": {
    "criteria": {
      "has_the_recipe": "2024-06-17 03:45:44 +0000"
    },
    "done": true
  },
  "vinery:mangrove_wine_rack_small": {
    "criteria": {
      "has_the_recipe": "2024-06-17 03:45:44 +0000"
    },
    "done": true
  },
  "vinery:mangrove_wine_rack_big": {
    "criteria": {
      "has_the_recipe": "2024-06-17 03:45:44 +0000"
    },
    "done": true
  },
  "iceandfire:iceandfire/kill_if_dragon": {
    "criteria": {
      "killed_fire_dragon": "2024-06-18 02:02:53 +0000"
    },
    "done": true
  },
  "vinery:wine_bottle": {
    "criteria": {
      "has_the_recipe": "2024-06-17 03:45:44 +0000"
    },
    "done": true
  },
  "minecraft:story/iron_tools": {
    "criteria": {
      "iron_pickaxe": "2024-06-17 04:56:15 +0000"
    },
    "done": true
  },
  "vinery:birch_wine_rack_big": {
    "criteria": {
      "has_the_recipe": "2024-06-17 03:45:44 +0000"
    },
    "done": true
  },
  "minecraft:story/root": {
    "criteria": {
      "crafting_table": "2024-06-17 03:48:07 +0000"
    },
    "done": true
  },
  "undead_revamp2:nowyouknow": {
    "criteria": {
      "nowyouknow": "2024-06-17 04:06:23 +0000"
    },
    "done": true
  },
  "minecraft:story/form_obsidian": {
    "criteria": {
      "obsidian": "2024-06-18 05:31:07 +0000"
    },
    "done": true
  },
  "vinery:fermentation_barrel": {
    "criteria": {
      "has_the_recipe": "2024-06-17 03:45:44 +0000"
    },
    "done": true
  },
  "vinery:acacia_wine_rack_big": {
    "criteria": {
      "has_the_recipe": "2024-06-17 03:45:44 +0000"
    },
    "done": true
  },
  "vinery:jungle_wine_rack_big": {
    "criteria": {
      "has_the_recipe": "2024-06-17 03:45:44 +0000"
    },
    "done": true
  },
  "vinery:loam_slab": {
    "criteria": {
      "has_the_recipe": "2024-06-17 03:45:44 +0000"
    },
    "done": true
  },
  "vinery:cherry_planks": {
    "criteria": {
      "has_the_recipe": "2024-06-17 03:45:44 +0000"
    },
    "done": true
  },
  "vinery:stripped_cherry_wood": {
    "criteria": {
      "has_the_recipe": "2024-06-17 03:45:44 +0000"
    },
    "done": true
  },
  "minecraft:adventure/kill_a_mob": {
    "criteria": {
      "minecraft:spider": "2024-06-17 03:53:21 +0000"
    },
    "done": true
  },
  "minecraft:husbandry/bred_all_animals": {
    "criteria": {
      "minecraft:cow": "2024-06-17 16:45:03 +0000"
    },
    "done": false
  },
  "alexsmobs:alexsmobs/seagull_steal": {
    "criteria": {
      "ex": "2024-06-17 23:21:46 +0000"
    },
    "done": true
  },
  "minecraft:story/obtain_armor": {
    "criteria": {
      "iron_helmet": "2024-06-17 06:48:36 +0000"
    },
    "done": true
  },
  "vinery:spruce_wine_rack_big": {
    "criteria": {
      "has_the_recipe": "2024-06-17 03:45:44 +0000"
    },
    "done": true
  },
  "minecraft:adventure/ol_betsy": {
    "criteria": {
      "shot_crossbow": "2024-06-17 07:25:37 +0000"
    },
    "done": true
  },
  "minecraft:story/mine_stone": {
    "criteria": {
      "get_stone": "2024-06-17 03:48:38 +0000"
    },
    "done": true
  },
  "alexsmobs:alexsmobs/acacia_blossom": {
    "criteria": {
      "acacia_blossom": "2024-06-17 16:48:52 +0000"
    },
    "done": true
  },
  "vinery:vinemaker_apron": {
    "criteria": {
      "has_the_recipe": "2024-06-17 03:45:44 +0000"
    },
    "done": true
  },
  "minecraft:adventure/adventuring_time": {
    "criteria": {
      "quark:glimmering_weald": "2024-06-18 05:46:29 +0000",
      "minecraft:sunflower_plains": "2024-06-17 21:35:50 +0000",
      "minecraft:savanna_plateau": "2024-06-17 07:00:18 +0000",
      "minecraft:beach": "2024-06-17 06:20:39 +0000",
      "minecraft:stony_peaks": "2024-06-17 07:12:02 +0000",
      "minecraft:sparse_jungle": "2024-06-17 03:58:20 +0000",
      "minecraft:lukewarm_ocean": "2024-06-17 03:51:51 +0000",
      "minecraft:river": "2024-06-17 04:44:28 +0000",
      "minecraft:stony_shore": "2024-06-17 03:46:26 +0000",
      "minecraft:forest": "2024-06-17 16:49:41 +0000",
      "minecraft:ocean": "2024-06-17 18:08:28 +0000",
      "minecraft:jungle": "2024-06-18 02:11:45 +0000",
      "minecraft:flower_forest": "2024-06-17 21:34:43 +0000",
      "minecraft:meadow": "2024-06-17 21:58:13 +0000",
      "minecraft:savanna": "2024-06-17 03:46:56 +0000",
      "minecraft:plains": "2024-06-17 03:45:47 +0000"
    },
    "done": false
  },
  "vinery:loam_stairs": {
    "criteria": {
      "has_the_recipe": "2024-06-17 03:45:44 +0000"
    },
    "done": true
  },
  "minecraft:adventure/sleep_in_bed": {
    "criteria": {
      "slept_in_bed": "2024-06-17 05:09:34 +0000"
    },
    "done": true
  },
  "vinery:jungle_wine_rack_small": {
    "criteria": {
      "has_the_recipe": "2024-06-17 03:45:44 +0000"
    },
    "done": true
  },
  "minecraft:husbandry/root": {
    "criteria": {
      "consumed_item": "2024-06-17 03:46:01 +0000"
    },
    "done": true
  },
  "alexsmobs:alexsmobs/leafcutter_ant_pupa": {
    "criteria": {
      "leafcutter_ant_pupa": "2024-06-18 02:32:38 +0000"
    },
    "done": true
  },
  "undead_revamp2:daddy": {
    "criteria": {
      "daddy": "2024-06-17 21:28:43 +0000"
    },
    "done": true
  },
  "vinery:oak_wine_rack_big": {
    "criteria": {
      "has_the_recipe": "2024-06-17 03:45:44 +0000"
    },
    "done": true
  },
  "vinery:flower_box": {
    "criteria": {
      "has_the_recipe": "2024-06-17 03:45:44 +0000"
    },
    "done": true
  },
  "minecraft:adventure/root": {
    "criteria": {
      "killed_by_something": "2024-06-17 03:53:00 +0000"
    },
    "done": true
  },
  "minecraft:husbandry/plant_seed": {
    "criteria": {
      "wheat": "2024-06-17 07:17:58 +0000"
    },
    "done": true
  },
  "minecraft:adventure/shoot_arrow": {
    "criteria": {
      "shot_arrow": "2024-06-17 07:25:37 +0000"
    },
    "done": true
  },
  "undead_revamp2:earthyblood": {
    "criteria": {
      "earthyblood": "2024-06-18 02:03:58 +0000"
    },
    "done": true
  },
  "vinery:cherry_door": {
    "criteria": {
      "has_the_recipe": "2024-06-17 03:45:44 +0000"
    },
    "done": true
  },
  "farmersdelight:main/root": {
    "criteria": {
      "seeds": "2024-06-17 03:45:44 +0000"
    },
    "done": true
  },
  "vinery:wine_rack_3": {
    "criteria": {
      "has_the_recipe": "2024-06-17 03:45:44 +0000"
    },
    "done": true
  },
  "iceandfire:iceandfire/kill_ghost": {
    "criteria": {
      "killed_fire_dragon": "2024-06-17 06:54:31 +0000"
    },
    "done": true
  },
  "vinery:wine_rack_5": {
    "criteria": {
      "has_the_recipe": "2024-06-17 03:45:44 +0000"
    },
    "done": true
  },
  "vinery:cherry_wood": {
    "criteria": {
      "has_the_recipe": "2024-06-17 03:45:44 +0000"
    },
    "done": true
  },
  "vinery:white_grape_crate": {
    "criteria": {
      "has_the_recipe": "2024-06-17 03:45:44 +0000"
    },
    "done": true
  },
  "minecraft:adventure/kill_all_mobs": {
    "criteria": {
      "minecraft:pillager": "2024-06-17 21:39:55 +0000",
      "minecraft:skeleton": "2024-06-17 04:55:12 +0000",
      "minecraft:vindicator": "2024-06-17 21:40:58 +0000",
      "minecraft:spider": "2024-06-17 03:53:21 +0000",
      "minecraft:creeper": "2024-06-17 17:47:03 +0000",
      "minecraft:zombie": "2024-06-17 04:27:17 +0000"
    },
    "done": false
  },
  "minecraft:story/enter_the_nether": {
    "criteria": {
      "entered_nether": "2024-06-18 20:51:32 +0000"
    },
    "done": true
  },
  "vinery:cherry_button": {
    "criteria": {
      "has_the_recipe": "2024-06-17 03:45:44 +0000"
    },
    "done": true
  },
  "alexsmobs:alexsmobs/emu_dodge": {
    "criteria": {
      "ex": "2024-06-18 01:52:33 +0000"
    },
    "done": true
  },
  "vinery:coarse_dirt_slab": {
    "criteria": {
      "has_the_recipe": "2024-06-17 03:45:44 +0000"
    },
    "done": true
  },
  "minecraft:husbandry/breed_an_animal": {
    "criteria": {
      "bred": "2024-06-17 16:45:03 +0000"
    },
    "done": true
  },
  "vinery:campfire": {
    "criteria": {
      "has_the_recipe": "2024-06-17 03:45:44 +0000"
    },
    "done": true
  },
  "vinery:cherry_floorboard": {
    "criteria": {
      "has_the_recipe": "2024-06-17 03:45:44 +0000"
    },
    "done": true
  },
  "vinery:shelf": {
    "criteria": {
      "has_the_recipe": "2024-06-17 03:45:44 +0000"
    },
    "done": true
  },
  "undead_revamp2:parry": {
    "criteria": {
      "parry": "2024-06-18 00:06:38 +0000"
    },
    "done": true
  },
  "vinery:wine_rack_1": {
    "criteria": {
      "has_the_recipe": "2024-06-17 03:45:44 +0000"
    },
    "done": true
  },
  "vinery:cherry_sign": {
    "criteria": {
      "has_the_recipe": "2024-06-17 03:45:44 +0000"
    },
    "done": true
  },
  "vinery:wine_rack_2": {
    "criteria": {
      "has_the_recipe": "2024-06-17 03:45:44 +0000"
    },
    "done": true
  },
  "minecraft:nether/explore_nether": {
    "criteria": {
      "minecraft:nether_wastes": "2024-06-18 20:51:32 +0000"
    },
    "done": false
  },
  "vinery:grapevine_pot": {
    "criteria": {
      "has_the_recipe": "2024-06-17 03:45:44 +0000"
    },
    "done": true
  },
  "minecraft:story/mine_diamond": {
    "criteria": {
      "diamond": "2024-06-18 04:55:19 +0000"
    },
    "done": true
  },
  "minecraft:story/upgrade_tools": {
    "criteria": {
      "stone_pickaxe": "2024-06-17 03:49:14 +0000"
    },
    "done": true
  },
  "vinery:wine_press": {
    "criteria": {
      "has_the_recipe": "2024-06-17 03:45:44 +0000"
    },
    "done": true
  },
  "alexsmobs:alexsmobs/root": {
    "criteria": {
      "useitem": "2024-06-17 03:46:01 +0000"
    },
    "done": true
  },
  "minecraft:story/smelt_iron": {
    "criteria": {
      "iron": "2024-06-17 04:55:53 +0000"
    },
    "done": true
  },
  "supplementaries:adventure/way_sign": {
    "criteria": {
      "bastion": "2024-06-17 06:12:38 +0000"
    },
    "done": true
  },
  "immersive_weathering:immersive_weathering/dirts": {
    "criteria": {
      "dirt": "2024-06-17 03:51:09 +0000"
    },
    "done": false
  },
  "vinery:cherry_fence_gate": {
    "criteria": {
      "has_the_recipe": "2024-06-17 03:45:44 +0000"
    },
    "done": true
  },
  "minecraft:husbandry/tame_an_animal": {
    "criteria": {
      "tamed_animal": "2024-06-18 01:46:56 +0000"
    },
    "done": true
  },
  "mowziesmobs:kill_grottol": {
    "criteria": {
      "grottol": "2024-06-18 05:14:12 +0000"
    },
    "done": true
  },
  "DataVersion": 3120
}